harness,task,model,run,build_ok,test_ok,in_tok,out_tok,cost_usd,model_calls,telemetry_note,latency_s,workdir,transcript_path,error
raw_api,bug1-petvalidator,Modelo A,1,True,True,555,555,0.0001,1,legacy raw_api row; one OpenRouter request,6.2,results\bug1-petvalidator__deepseek_deepseek-v4-flash__r1,results\bug1-petvalidator__deepseek_deepseek-v4-flash__r1/_raw_response.txt,
raw_api,bug1-petvalidator,Modelo A,2,True,True,555,630,0.0002,1,legacy raw_api row; one OpenRouter request,6.8,results\bug1-petvalidator__deepseek_deepseek-v4-flash__r2,results\bug1-petvalidator__deepseek_deepseek-v4-flash__r2/_raw_response.txt,
raw_api,bug1-petvalidator,Modelo A,3,True,True,555,669,0.0002,1,legacy raw_api row; one OpenRouter request,7.3,results\bug1-petvalidator__deepseek_deepseek-v4-flash__r3,results\bug1-petvalidator__deepseek_deepseek-v4-flash__r3/_raw_response.txt,
raw_api,bug1-petvalidator,Modelo K,1,True,True,555,448,0.0006,1,legacy raw_api row; one OpenRouter request,8.7,results\bug1-petvalidator__deepseek_deepseek-v4-pro__r1,results\bug1-petvalidator__deepseek_deepseek-v4-pro__r1/_raw_response.txt,
raw_api,bug1-petvalidator,Modelo K,2,True,True,555,444,0.0006,1,legacy raw_api row; one OpenRouter request,10.4,results\bug1-petvalidator__deepseek_deepseek-v4-pro__r2,results\bug1-petvalidator__deepseek_deepseek-v4-pro__r2/_raw_response.txt,
raw_api,bug1-petvalidator,Modelo K,3,True,False,555,444,0.0006,1,legacy raw_api row; one OpenRouter request,12.1,results\bug1-petvalidator__deepseek_deepseek-v4-pro__r3,results\bug1-petvalidator__deepseek_deepseek-v4-pro__r3/_raw_response.txt,
raw_api,bug1-petvalidator,Modelo D,1,True,True,572,486,0.0009,1,legacy raw_api row; one OpenRouter request,2.2,results\bug1-petvalidator__google_gemini-3.1-flash-lite__r1,results\bug1-petvalidator__google_gemini-3.1-flash-lite__r1/_raw_response.txt,
raw_api,bug1-petvalidator,Modelo D,2,True,True,571,486,0.0009,1,legacy raw_api row; one OpenRouter request,3.0,results\bug1-petvalidator__google_gemini-3.1-flash-lite__r2,results\bug1-petvalidator__google_gemini-3.1-flash-lite__r2/_raw_response.txt,
raw_api,bug1-petvalidator,Modelo D,3,True,True,572,486,0.0009,1,legacy raw_api row; one OpenRouter request,2.4,results\bug1-petvalidator__google_gemini-3.1-flash-lite__r3,results\bug1-petvalidator__google_gemini-3.1-flash-lite__r3/_raw_response.txt,
raw_api,bug1-petvalidator,Modelo E,1,True,False,552,832,0.001,1,legacy raw_api row; one OpenRouter request,12.3,results\bug1-petvalidator__minimax_minimax-m2.7__r1,results\bug1-petvalidator__minimax_minimax-m2.7__r1/_raw_response.txt,
raw_api,bug1-petvalidator,Modelo E,2,False,False,555,815,0.001,1,legacy raw_api row; one OpenRouter request,14.9,results\bug1-petvalidator__minimax_minimax-m2.7__r2,results\bug1-petvalidator__minimax_minimax-m2.7__r2/_raw_response.txt,
raw_api,bug1-petvalidator,Modelo E,3,True,False,551,3920,0.0041,1,legacy raw_api row; one OpenRouter request,19.8,results\bug1-petvalidator__minimax_minimax-m2.7__r3,results\bug1-petvalidator__minimax_minimax-m2.7__r3/_raw_response.txt,
raw_api,bug1-petvalidator,Modelo G,1,True,True,690,728,0.0011,1,legacy raw_api row; one OpenRouter request,23.0,results\bug1-petvalidator__minimax_minimax-m3__r1,results\bug1-petvalidator__minimax_minimax-m3__r1/_raw_response.txt,
raw_api,bug1-petvalidator,Modelo G,2,True,True,690,635,0.001,1,legacy raw_api row; one OpenRouter request,12.7,results\bug1-petvalidator__minimax_minimax-m3__r2,results\bug1-petvalidator__minimax_minimax-m3__r2/_raw_response.txt,
raw_api,bug1-petvalidator,Modelo G,3,True,True,690,517,0.0008,1,legacy raw_api row; one OpenRouter request,9.0,results\bug1-petvalidator__minimax_minimax-m3__r3,results\bug1-petvalidator__minimax_minimax-m3__r3/_raw_response.txt,
raw_api,bug1-petvalidator,Modelo L,1,True,False,529,422,0.0009,1,legacy raw_api row; one OpenRouter request,11.2,results\bug1-petvalidator__qwen_qwen3-coder__r1,results\bug1-petvalidator__qwen_qwen3-coder__r1/_raw_response.txt,
raw_api,bug1-petvalidator,Modelo L,2,False,False,529,429,0.0009,1,legacy raw_api row; one OpenRouter request,5.9,results\bug1-petvalidator__qwen_qwen3-coder__r2,results\bug1-petvalidator__qwen_qwen3-coder__r2/_raw_response.txt,
raw_api,bug1-petvalidator,Modelo L,3,True,True,529,429,0.0009,1,legacy raw_api row; one OpenRouter request,5.0,results\bug1-petvalidator__qwen_qwen3-coder__r3,results\bug1-petvalidator__qwen_qwen3-coder__r3/_raw_response.txt,
raw_api,bug1-petvalidator,Modelo C,1,True,True,529,433,0.0004,1,legacy raw_api row; one OpenRouter request,3.1,results\bug1-petvalidator__qwen_qwen3-coder-next__r1,results\bug1-petvalidator__qwen_qwen3-coder-next__r1/_raw_response.txt,
raw_api,bug1-petvalidator,Modelo C,2,True,True,529,433,0.0004,1,legacy raw_api row; one OpenRouter request,24.6,results\bug1-petvalidator__qwen_qwen3-coder-next__r2,results\bug1-petvalidator__qwen_qwen3-coder-next__r2/_raw_response.txt,
raw_api,bug1-petvalidator,Modelo C,3,True,True,529,433,0.0004,1,legacy raw_api row; one OpenRouter request,2.8,results\bug1-petvalidator__qwen_qwen3-coder-next__r3,results\bug1-petvalidator__qwen_qwen3-coder-next__r3/_raw_response.txt,
raw_api,bug1-petvalidator,Modelo I,1,True,True,563,1847,0.0025,1,legacy raw_api row; one OpenRouter request,35.4,results\bug1-petvalidator__qwen_qwen3.7-plus__r1,results\bug1-petvalidator__qwen_qwen3.7-plus__r1/_raw_response.txt,
raw_api,bug1-petvalidator,Modelo I,2,True,True,563,1997,0.0027,1,legacy raw_api row; one OpenRouter request,37.7,results\bug1-petvalidator__qwen_qwen3.7-plus__r2,results\bug1-petvalidator__qwen_qwen3.7-plus__r2/_raw_response.txt,
raw_api,bug1-petvalidator,Modelo I,3,True,True,563,1855,0.0026,1,legacy raw_api row; one OpenRouter request,50.9,results\bug1-petvalidator__qwen_qwen3.7-plus__r3,results\bug1-petvalidator__qwen_qwen3.7-plus__r3/_raw_response.txt,
raw_api,bug1-petvalidator,Modelo F,1,True,True,567,1181,0.0003,1,legacy raw_api row; one OpenRouter request,8.8,results\bug1-petvalidator__tencent_hy3-preview__r1,results\bug1-petvalidator__tencent_hy3-preview__r1/_raw_response.txt,
raw_api,bug1-petvalidator,Modelo F,2,True,True,567,879,0.0003,1,legacy raw_api row; one OpenRouter request,6.8,results\bug1-petvalidator__tencent_hy3-preview__r2,results\bug1-petvalidator__tencent_hy3-preview__r2/_raw_response.txt,
raw_api,bug1-petvalidator,Modelo F,3,True,True,567,911,0.0003,1,legacy raw_api row; one OpenRouter request,7.3,results\bug1-petvalidator__tencent_hy3-preview__r3,results\bug1-petvalidator__tencent_hy3-preview__r3/_raw_response.txt,
raw_api,bug1-petvalidator,Modelo H,1,True,True,519,1419,0.0027,1,legacy raw_api row; one OpenRouter request,29.5,results\bug1-petvalidator__z-ai_glm-4.7__r1,results\bug1-petvalidator__z-ai_glm-4.7__r1/_raw_response.txt,
raw_api,bug1-petvalidator,Modelo H,2,True,True,519,1074,0.0021,1,legacy raw_api row; one OpenRouter request,21.4,results\bug1-petvalidator__z-ai_glm-4.7__r2,results\bug1-petvalidator__z-ai_glm-4.7__r2/_raw_response.txt,
raw_api,bug1-petvalidator,Modelo H,3,True,True,519,1428,0.0027,1,legacy raw_api row; one OpenRouter request,26.5,results\bug1-petvalidator__z-ai_glm-4.7__r3,results\bug1-petvalidator__z-ai_glm-4.7__r3/_raw_response.txt,
raw_api,bug1-petvalidator,Modelo B,1,True,False,526,837,0.0039,1,legacy raw_api row; one OpenRouter request,8.5,results\bug1-petvalidator__z-ai_glm-5.2__r1,results\bug1-petvalidator__z-ai_glm-5.2__r1/_raw_response.txt,
raw_api,bug1-petvalidator,Modelo B,2,True,False,526,792,0.0037,1,legacy raw_api row; one OpenRouter request,10.8,results\bug1-petvalidator__z-ai_glm-5.2__r2,results\bug1-petvalidator__z-ai_glm-5.2__r2/_raw_response.txt,
raw_api,bug1-petvalidator,Modelo B,3,True,False,526,1115,0.005,1,legacy raw_api row; one OpenRouter request,15.4,results\bug1-petvalidator__z-ai_glm-5.2__r3,results\bug1-petvalidator__z-ai_glm-5.2__r3/_raw_response.txt,
raw_api,bug2-ownercontroller,Modelo A,1,True,True,1614,1673,0.0004,1,legacy raw_api row; one OpenRouter request,12.9,results\bug2-ownercontroller__deepseek_deepseek-v4-flash__r1,results\bug2-ownercontroller__deepseek_deepseek-v4-flash__r1/_raw_response.txt,
raw_api,bug2-ownercontroller,Modelo A,2,True,True,1614,1848,0.0005,1,legacy raw_api row; one OpenRouter request,22.9,results\bug2-ownercontroller__deepseek_deepseek-v4-flash__r2,results\bug2-ownercontroller__deepseek_deepseek-v4-flash__r2/_raw_response.txt,
raw_api,bug2-ownercontroller,Modelo A,3,True,True,1614,1824,0.0005,1,legacy raw_api row; one OpenRouter request,9.1,results\bug2-ownercontroller__deepseek_deepseek-v4-flash__r3,results\bug2-ownercontroller__deepseek_deepseek-v4-flash__r3/_raw_response.txt,
raw_api,bug2-ownercontroller,Modelo K,1,True,False,1614,1508,0.002,1,legacy raw_api row; one OpenRouter request,15.0,results\bug2-ownercontroller__deepseek_deepseek-v4-pro__r1,results\bug2-ownercontroller__deepseek_deepseek-v4-pro__r1/_raw_response.txt,
raw_api,bug2-ownercontroller,Modelo K,2,True,False,1614,1508,0.002,1,legacy raw_api row; one OpenRouter request,14.7,results\bug2-ownercontroller__deepseek_deepseek-v4-pro__r2,results\bug2-ownercontroller__deepseek_deepseek-v4-pro__r2/_raw_response.txt,
raw_api,bug2-ownercontroller,Modelo K,3,True,False,1614,1508,0.002,1,legacy raw_api row; one OpenRouter request,29.0,results\bug2-ownercontroller__deepseek_deepseek-v4-pro__r3,results\bug2-ownercontroller__deepseek_deepseek-v4-pro__r3/_raw_response.txt,
raw_api,bug2-ownercontroller,Modelo D,1,True,True,1751,1662,0.0029,1,legacy raw_api row; one OpenRouter request,6.2,results\bug2-ownercontroller__google_gemini-3.1-flash-lite__r1,results\bug2-ownercontroller__google_gemini-3.1-flash-lite__r1/_raw_response.txt,
raw_api,bug2-ownercontroller,Modelo D,2,True,True,1751,1662,0.0029,1,legacy raw_api row; one OpenRouter request,9.2,results\bug2-ownercontroller__google_gemini-3.1-flash-lite__r2,results\bug2-ownercontroller__google_gemini-3.1-flash-lite__r2/_raw_response.txt,
raw_api,bug2-ownercontroller,Modelo D,3,True,True,1752,1662,0.0029,1,legacy raw_api row; one OpenRouter request,4.9,results\bug2-ownercontroller__google_gemini-3.1-flash-lite__r3,results\bug2-ownercontroller__google_gemini-3.1-flash-lite__r3/_raw_response.txt,
raw_api,bug2-ownercontroller,Modelo E,1,False,False,1592,2108,0.0025,1,legacy raw_api row; one OpenRouter request,24.0,results\bug2-ownercontroller__minimax_minimax-m2.7__r1,results\bug2-ownercontroller__minimax_minimax-m2.7__r1/_raw_response.txt,
raw_api,bug2-ownercontroller,Modelo E,2,True,False,1591,1844,0.0022,1,legacy raw_api row; one OpenRouter request,6.3,results\bug2-ownercontroller__minimax_minimax-m2.7__r2,results\bug2-ownercontroller__minimax_minimax-m2.7__r2/_raw_response.txt,
raw_api,bug2-ownercontroller,Modelo E,3,False,False,1591,1878,0.0023,1,legacy raw_api row; one OpenRouter request,7.1,results\bug2-ownercontroller__minimax_minimax-m2.7__r3,results\bug2-ownercontroller__minimax_minimax-m2.7__r3/_raw_response.txt,
raw_api,bug2-ownercontroller,Modelo G,1,True,True,1681,3435,0.0046,1,legacy raw_api row; one OpenRouter request,45.1,results\bug2-ownercontroller__minimax_minimax-m3__r1,results\bug2-ownercontroller__minimax_minimax-m3__r1/_raw_response.txt,
raw_api,bug2-ownercontroller,Modelo G,2,True,True,1730,1517,0.0023,1,legacy raw_api row; one OpenRouter request,18.8,results\bug2-ownercontroller__minimax_minimax-m3__r2,results\bug2-ownercontroller__minimax_minimax-m3__r2/_raw_response.txt,
raw_api,bug2-ownercontroller,Modelo G,3,True,True,1730,1757,0.0026,1,legacy raw_api row; one OpenRouter request,15.5,results\bug2-ownercontroller__minimax_minimax-m3__r3,results\bug2-ownercontroller__minimax_minimax-m3__r3/_raw_response.txt,
raw_api,bug2-ownercontroller,Modelo L,1,True,True,1474,1361,0.0028,1,legacy raw_api row; one OpenRouter request,15.2,results\bug2-ownercontroller__qwen_qwen3-coder__r1,results\bug2-ownercontroller__qwen_qwen3-coder__r1/_raw_response.txt,
raw_api,bug2-ownercontroller,Modelo L,2,True,False,1474,1362,0.0028,1,legacy raw_api row; one OpenRouter request,11.9,results\bug2-ownercontroller__qwen_qwen3-coder__r2,results\bug2-ownercontroller__qwen_qwen3-coder__r2/_raw_response.txt,
raw_api,bug2-ownercontroller,Modelo L,3,True,False,1474,1361,0.0028,1,legacy raw_api row; one OpenRouter request,16.3,results\bug2-ownercontroller__qwen_qwen3-coder__r3,results\bug2-ownercontroller__qwen_qwen3-coder__r3/_raw_response.txt,
raw_api,bug2-ownercontroller,Modelo C,1,True,True,1474,1363,0.0013,1,legacy raw_api row; one OpenRouter request,40.1,results\bug2-ownercontroller__qwen_qwen3-coder-next__r1,results\bug2-ownercontroller__qwen_qwen3-coder-next__r1/_raw_response.txt,
raw_api,bug2-ownercontroller,Modelo C,2,True,True,1474,1363,0.0013,1,legacy raw_api row; one OpenRouter request,11.6,results\bug2-ownercontroller__qwen_qwen3-coder-next__r2,results\bug2-ownercontroller__qwen_qwen3-coder-next__r2/_raw_response.txt,
raw_api,bug2-ownercontroller,Modelo C,3,True,True,1474,1363,0.0013,1,legacy raw_api row; one OpenRouter request,31.4,results\bug2-ownercontroller__qwen_qwen3-coder-next__r3,results\bug2-ownercontroller__qwen_qwen3-coder-next__r3/_raw_response.txt,
raw_api,bug2-ownercontroller,Modelo I,1,True,False,1597,3895,0.0055,1,legacy raw_api row; one OpenRouter request,71.8,results\bug2-ownercontroller__qwen_qwen3.7-plus__r1,results\bug2-ownercontroller__qwen_qwen3.7-plus__r1/_raw_response.txt,
raw_api,bug2-ownercontroller,Modelo I,2,True,True,1597,2586,0.0038,1,legacy raw_api row; one OpenRouter request,48.4,results\bug2-ownercontroller__qwen_qwen3.7-plus__r2,results\bug2-ownercontroller__qwen_qwen3.7-plus__r2/_raw_response.txt,
raw_api,bug2-ownercontroller,Modelo I,3,True,True,1597,3865,0.0055,1,legacy raw_api row; one OpenRouter request,71.4,results\bug2-ownercontroller__qwen_qwen3.7-plus__r3,results\bug2-ownercontroller__qwen_qwen3.7-plus__r3/_raw_response.txt,
raw_api,bug2-ownercontroller,Modelo F,1,True,True,1595,3796,0.0011,1,legacy raw_api row; one OpenRouter request,66.4,results\bug2-ownercontroller__tencent_hy3-preview__r1,results\bug2-ownercontroller__tencent_hy3-preview__r1/_raw_response.txt,
raw_api,bug2-ownercontroller,Modelo F,2,True,True,1595,2006,0.0006,1,legacy raw_api row; one OpenRouter request,19.1,results\bug2-ownercontroller__tencent_hy3-preview__r2,results\bug2-ownercontroller__tencent_hy3-preview__r2/_raw_response.txt,
raw_api,bug2-ownercontroller,Modelo F,3,True,True,1595,2645,0.0008,1,legacy raw_api row; one OpenRouter request,26.5,results\bug2-ownercontroller__tencent_hy3-preview__r3,results\bug2-ownercontroller__tencent_hy3-preview__r3/_raw_response.txt,
raw_api,bug2-ownercontroller,Modelo H,1,True,True,1464,2316,0.0046,1,legacy raw_api row; one OpenRouter request,31.2,results\bug2-ownercontroller__z-ai_glm-4.7__r1,results\bug2-ownercontroller__z-ai_glm-4.7__r1/_raw_response.txt,
raw_api,bug2-ownercontroller,Modelo H,2,True,True,1464,2115,0.0043,1,legacy raw_api row; one OpenRouter request,10.3,results\bug2-ownercontroller__z-ai_glm-4.7__r2,results\bug2-ownercontroller__z-ai_glm-4.7__r2/_raw_response.txt,
raw_api,bug2-ownercontroller,Modelo H,3,True,True,1464,3711,0.0071,1,legacy raw_api row; one OpenRouter request,63.5,results\bug2-ownercontroller__z-ai_glm-4.7__r3,results\bug2-ownercontroller__z-ai_glm-4.7__r3/_raw_response.txt,
raw_api,bug2-ownercontroller,Modelo B,1,False,False,1471,1841,0.0088,1,legacy raw_api row; one OpenRouter request,14.8,results\bug2-ownercontroller__z-ai_glm-5.2__r1,results\bug2-ownercontroller__z-ai_glm-5.2__r1/_raw_response.txt,
raw_api,bug2-ownercontroller,Modelo B,2,False,False,1471,1722,0.0084,1,legacy raw_api row; one OpenRouter request,41.5,results\bug2-ownercontroller__z-ai_glm-5.2__r2,results\bug2-ownercontroller__z-ai_glm-5.2__r2/_raw_response.txt,
raw_api,bug2-ownercontroller,Modelo B,3,True,False,1471,1865,0.0089,1,legacy raw_api row; one OpenRouter request,26.9,results\bug2-ownercontroller__z-ai_glm-5.2__r3,results\bug2-ownercontroller__z-ai_glm-5.2__r3/_raw_response.txt,
raw_api,data-bug1-sales-genre,Modelo A,1,True,True,312,324,0.0001,1,legacy raw_api row; one OpenRouter request,3.9,results\data-bug1-sales-genre__deepseek_deepseek-v4-flash__r1,results\data-bug1-sales-genre__deepseek_deepseek-v4-flash__r1/_raw_response.txt,
raw_api,data-bug1-sales-genre,Modelo A,2,True,True,312,176,0.0001,1,legacy raw_api row; one OpenRouter request,7.7,results\data-bug1-sales-genre__deepseek_deepseek-v4-flash__r2,results\data-bug1-sales-genre__deepseek_deepseek-v4-flash__r2/_raw_response.txt,
raw_api,data-bug1-sales-genre,Modelo A,3,True,True,312,176,0.0001,1,legacy raw_api row; one OpenRouter request,10.7,results\data-bug1-sales-genre__deepseek_deepseek-v4-flash__r3,results\data-bug1-sales-genre__deepseek_deepseek-v4-flash__r3/_raw_response.txt,
raw_api,data-bug1-sales-genre,Modelo K,1,True,True,312,359,0.0004,1,legacy raw_api row; one OpenRouter request,5.7,results\data-bug1-sales-genre__deepseek_deepseek-v4-pro__r1,results\data-bug1-sales-genre__deepseek_deepseek-v4-pro__r1/_raw_response.txt,
raw_api,data-bug1-sales-genre,Modelo K,2,True,True,312,287,0.0004,1,legacy raw_api row; one OpenRouter request,5.7,results\data-bug1-sales-genre__deepseek_deepseek-v4-pro__r2,results\data-bug1-sales-genre__deepseek_deepseek-v4-pro__r2/_raw_response.txt,
raw_api,data-bug1-sales-genre,Modelo K,3,True,True,312,395,0.0005,1,legacy raw_api row; one OpenRouter request,11.1,results\data-bug1-sales-genre__deepseek_deepseek-v4-pro__r3,results\data-bug1-sales-genre__deepseek_deepseek-v4-pro__r3/_raw_response.txt,
raw_api,data-bug1-sales-genre,Modelo D,1,True,True,325,188,0.0004,1,legacy raw_api row; one OpenRouter request,2.9,results\data-bug1-sales-genre__google_gemini-3.1-flash-lite__r1,results\data-bug1-sales-genre__google_gemini-3.1-flash-lite__r1/_raw_response.txt,
raw_api,data-bug1-sales-genre,Modelo D,2,True,True,324,188,0.0004,1,legacy raw_api row; one OpenRouter request,2.0,results\data-bug1-sales-genre__google_gemini-3.1-flash-lite__r2,results\data-bug1-sales-genre__google_gemini-3.1-flash-lite__r2/_raw_response.txt,
raw_api,data-bug1-sales-genre,Modelo D,3,True,True,325,188,0.0004,1,legacy raw_api row; one OpenRouter request,1.9,results\data-bug1-sales-genre__google_gemini-3.1-flash-lite__r3,results\data-bug1-sales-genre__google_gemini-3.1-flash-lite__r3/_raw_response.txt,
raw_api,data-bug1-sales-genre,Modelo E,1,True,True,335,392,0.0005,1,legacy raw_api row; one OpenRouter request,10.5,results\data-bug1-sales-genre__minimax_minimax-m2.7__r1,results\data-bug1-sales-genre__minimax_minimax-m2.7__r1/_raw_response.txt,
raw_api,data-bug1-sales-genre,Modelo E,2,True,True,335,672,0.0008,1,legacy raw_api row; one OpenRouter request,15.5,results\data-bug1-sales-genre__minimax_minimax-m2.7__r2,results\data-bug1-sales-genre__minimax_minimax-m2.7__r2/_raw_response.txt,
raw_api,data-bug1-sales-genre,Modelo E,3,True,True,335,694,0.0008,1,legacy raw_api row; one OpenRouter request,16.6,results\data-bug1-sales-genre__minimax_minimax-m2.7__r3,results\data-bug1-sales-genre__minimax_minimax-m2.7__r3/_raw_response.txt,
raw_api,data-bug1-sales-genre,Modelo G,1,True,True,470,260,0.0005,1,legacy raw_api row; one OpenRouter request,9.7,results\data-bug1-sales-genre__minimax_minimax-m3__r1,results\data-bug1-sales-genre__minimax_minimax-m3__r1/_raw_response.txt,
raw_api,data-bug1-sales-genre,Modelo G,2,True,True,470,305,0.0005,1,legacy raw_api row; one OpenRouter request,8.3,results\data-bug1-sales-genre__minimax_minimax-m3__r2,results\data-bug1-sales-genre__minimax_minimax-m3__r2/_raw_response.txt,
raw_api,data-bug1-sales-genre,Modelo G,3,True,True,470,428,0.0007,1,legacy raw_api row; one OpenRouter request,15.2,results\data-bug1-sales-genre__minimax_minimax-m3__r3,results\data-bug1-sales-genre__minimax_minimax-m3__r3/_raw_response.txt,
raw_api,data-bug1-sales-genre,Modelo L,1,True,True,301,161,0.0004,1,legacy raw_api row; one OpenRouter request,5.4,results\data-bug1-sales-genre__qwen_qwen3-coder__r1,results\data-bug1-sales-genre__qwen_qwen3-coder__r1/_raw_response.txt,
raw_api,data-bug1-sales-genre,Modelo L,2,True,True,301,160,0.0004,1,legacy raw_api row; one OpenRouter request,3.8,results\data-bug1-sales-genre__qwen_qwen3-coder__r2,results\data-bug1-sales-genre__qwen_qwen3-coder__r2/_raw_response.txt,
raw_api,data-bug1-sales-genre,Modelo L,3,True,True,301,160,0.0004,1,legacy raw_api row; one OpenRouter request,3.4,results\data-bug1-sales-genre__qwen_qwen3-coder__r3,results\data-bug1-sales-genre__qwen_qwen3-coder__r3/_raw_response.txt,
raw_api,data-bug1-sales-genre,Modelo C,1,True,True,301,161,0.0002,1,legacy raw_api row; one OpenRouter request,2.2,results\data-bug1-sales-genre__qwen_qwen3-coder-next__r1,results\data-bug1-sales-genre__qwen_qwen3-coder-next__r1/_raw_response.txt,
raw_api,data-bug1-sales-genre,Modelo C,2,True,True,301,161,0.0002,1,legacy raw_api row; one OpenRouter request,3.6,results\data-bug1-sales-genre__qwen_qwen3-coder-next__r2,results\data-bug1-sales-genre__qwen_qwen3-coder-next__r2/_raw_response.txt,
raw_api,data-bug1-sales-genre,Modelo C,3,True,True,301,161,0.0002,1,legacy raw_api row; one OpenRouter request,4.2,results\data-bug1-sales-genre__qwen_qwen3-coder-next__r3,results\data-bug1-sales-genre__qwen_qwen3-coder-next__r3/_raw_response.txt,
raw_api,data-bug1-sales-genre,Modelo I,1,True,True,319,830,0.0012,1,legacy raw_api row; one OpenRouter request,17.3,results\data-bug1-sales-genre__qwen_qwen3.7-plus__r1,results\data-bug1-sales-genre__qwen_qwen3.7-plus__r1/_raw_response.txt,
raw_api,data-bug1-sales-genre,Modelo I,2,True,True,319,788,0.0011,1,legacy raw_api row; one OpenRouter request,15.6,results\data-bug1-sales-genre__qwen_qwen3.7-plus__r2,results\data-bug1-sales-genre__qwen_qwen3.7-plus__r2/_raw_response.txt,
raw_api,data-bug1-sales-genre,Modelo I,3,True,True,319,564,0.0008,1,legacy raw_api row; one OpenRouter request,12.2,results\data-bug1-sales-genre__qwen_qwen3.7-plus__r3,results\data-bug1-sales-genre__qwen_qwen3.7-plus__r3/_raw_response.txt,
raw_api,data-bug1-sales-genre,Modelo F,1,True,True,328,485,0.0001,1,legacy raw_api row; one OpenRouter request,8.6,results\data-bug1-sales-genre__tencent_hy3-preview__r1,results\data-bug1-sales-genre__tencent_hy3-preview__r1/_raw_response.txt,
raw_api,data-bug1-sales-genre,Modelo F,2,True,True,328,468,0.0001,1,legacy raw_api row; one OpenRouter request,6.6,results\data-bug1-sales-genre__tencent_hy3-preview__r2,results\data-bug1-sales-genre__tencent_hy3-preview__r2/_raw_response.txt,
raw_api,data-bug1-sales-genre,Modelo F,3,True,True,328,574,0.0002,1,legacy raw_api row; one OpenRouter request,7.3,results\data-bug1-sales-genre__tencent_hy3-preview__r3,results\data-bug1-sales-genre__tencent_hy3-preview__r3/_raw_response.txt,
raw_api,data-bug1-sales-genre,Modelo H,1,True,True,298,1059,0.002,1,legacy raw_api row; one OpenRouter request,52.2,results\data-bug1-sales-genre__z-ai_glm-4.7__r1,results\data-bug1-sales-genre__z-ai_glm-4.7__r1/_raw_response.txt,
raw_api,data-bug1-sales-genre,Modelo H,2,True,True,298,972,0.0018,1,legacy raw_api row; one OpenRouter request,44.5,results\data-bug1-sales-genre__z-ai_glm-4.7__r2,results\data-bug1-sales-genre__z-ai_glm-4.7__r2/_raw_response.txt,
raw_api,data-bug1-sales-genre,Modelo H,3,True,True,298,968,0.0018,1,legacy raw_api row; one OpenRouter request,48.1,results\data-bug1-sales-genre__z-ai_glm-4.7__r3,results\data-bug1-sales-genre__z-ai_glm-4.7__r3/_raw_response.txt,
raw_api,data-bug1-sales-genre,Modelo B,1,True,True,305,392,0.0019,1,legacy raw_api row; one OpenRouter request,21.8,results\data-bug1-sales-genre__z-ai_glm-5.2__r1,results\data-bug1-sales-genre__z-ai_glm-5.2__r1/_raw_response.txt,
raw_api,data-bug1-sales-genre,Modelo B,2,True,True,305,378,0.0018,1,legacy raw_api row; one OpenRouter request,11.5,results\data-bug1-sales-genre__z-ai_glm-5.2__r2,results\data-bug1-sales-genre__z-ai_glm-5.2__r2/_raw_response.txt,
raw_api,data-bug1-sales-genre,Modelo B,3,True,True,305,464,0.0022,1,legacy raw_api row; one OpenRouter request,19.2,results\data-bug1-sales-genre__z-ai_glm-5.2__r3,results\data-bug1-sales-genre__z-ai_glm-5.2__r3/_raw_response.txt,
raw_api,data-feat1-customer-ranking,Modelo A,1,True,True,390,702,0.0002,1,legacy raw_api row; one OpenRouter request,5.6,results\data-feat1-customer-ranking__deepseek_deepseek-v4-flash__r1,results\data-feat1-customer-ranking__deepseek_deepseek-v4-flash__r1/_raw_response.txt,
raw_api,data-feat1-customer-ranking,Modelo A,2,True,True,390,832,0.0002,1,legacy raw_api row; one OpenRouter request,9.4,results\data-feat1-customer-ranking__deepseek_deepseek-v4-flash__r2,results\data-feat1-customer-ranking__deepseek_deepseek-v4-flash__r2/_raw_response.txt,
raw_api,data-feat1-customer-ranking,Modelo A,3,True,True,390,898,0.0002,1,legacy raw_api row; one OpenRouter request,9.5,results\data-feat1-customer-ranking__deepseek_deepseek-v4-flash__r3,results\data-feat1-customer-ranking__deepseek_deepseek-v4-flash__r3/_raw_response.txt,
raw_api,data-feat1-customer-ranking,Modelo K,1,True,True,390,954,0.001,1,legacy raw_api row; one OpenRouter request,13.5,results\data-feat1-customer-ranking__deepseek_deepseek-v4-pro__r1,results\data-feat1-customer-ranking__deepseek_deepseek-v4-pro__r1/_raw_response.txt,
raw_api,data-feat1-customer-ranking,Modelo K,2,True,True,390,1412,0.0014,1,legacy raw_api row; one OpenRouter request,15.9,results\data-feat1-customer-ranking__deepseek_deepseek-v4-pro__r2,results\data-feat1-customer-ranking__deepseek_deepseek-v4-pro__r2/_raw_response.txt,
raw_api,data-feat1-customer-ranking,Modelo K,3,True,True,390,967,0.001,1,legacy raw_api row; one OpenRouter request,80.4,results\data-feat1-customer-ranking__deepseek_deepseek-v4-pro__r3,results\data-feat1-customer-ranking__deepseek_deepseek-v4-pro__r3/_raw_response.txt,
raw_api,data-feat1-customer-ranking,Modelo D,1,True,True,394,325,0.0006,1,legacy raw_api row; one OpenRouter request,2.3,results\data-feat1-customer-ranking__google_gemini-3.1-flash-lite__r1,results\data-feat1-customer-ranking__google_gemini-3.1-flash-lite__r1/_raw_response.txt,
raw_api,data-feat1-customer-ranking,Modelo D,2,True,True,394,325,0.0006,1,legacy raw_api row; one OpenRouter request,2.4,results\data-feat1-customer-ranking__google_gemini-3.1-flash-lite__r2,results\data-feat1-customer-ranking__google_gemini-3.1-flash-lite__r2/_raw_response.txt,
raw_api,data-feat1-customer-ranking,Modelo D,3,True,True,394,325,0.0006,1,legacy raw_api row; one OpenRouter request,2.3,results\data-feat1-customer-ranking__google_gemini-3.1-flash-lite__r3,results\data-feat1-customer-ranking__google_gemini-3.1-flash-lite__r3/_raw_response.txt,
raw_api,data-feat1-customer-ranking,Modelo E,1,True,True,412,1305,0.0014,1,legacy raw_api row; one OpenRouter request,21.9,results\data-feat1-customer-ranking__minimax_minimax-m2.7__r1,results\data-feat1-customer-ranking__minimax_minimax-m2.7__r1/_raw_response.txt,
raw_api,data-feat1-customer-ranking,Modelo E,2,True,True,412,2105,0.0022,1,legacy raw_api row; one OpenRouter request,48.5,results\data-feat1-customer-ranking__minimax_minimax-m2.7__r2,results\data-feat1-customer-ranking__minimax_minimax-m2.7__r2/_raw_response.txt,
raw_api,data-feat1-customer-ranking,Modelo E,3,True,True,412,1204,0.0013,1,legacy raw_api row; one OpenRouter request,26.8,results\data-feat1-customer-ranking__minimax_minimax-m2.7__r3,results\data-feat1-customer-ranking__minimax_minimax-m2.7__r3/_raw_response.txt,
raw_api,data-feat1-customer-ranking,Modelo G,1,True,True,547,612,0.0009,1,legacy raw_api row; one OpenRouter request,10.4,results\data-feat1-customer-ranking__minimax_minimax-m3__r1,results\data-feat1-customer-ranking__minimax_minimax-m3__r1/_raw_response.txt,
raw_api,data-feat1-customer-ranking,Modelo G,2,True,True,547,697,0.001,1,legacy raw_api row; one OpenRouter request,13.1,results\data-feat1-customer-ranking__minimax_minimax-m3__r2,results\data-feat1-customer-ranking__minimax_minimax-m3__r2/_raw_response.txt,
raw_api,data-feat1-customer-ranking,Modelo G,3,True,True,547,621,0.0009,1,legacy raw_api row; one OpenRouter request,10.1,results\data-feat1-customer-ranking__minimax_minimax-m3__r3,results\data-feat1-customer-ranking__minimax_minimax-m3__r3/_raw_response.txt,
raw_api,data-feat1-customer-ranking,Modelo L,1,True,True,375,263,0.0006,1,legacy raw_api row; one OpenRouter request,8.2,results\data-feat1-customer-ranking__qwen_qwen3-coder__r1,results\data-feat1-customer-ranking__qwen_qwen3-coder__r1/_raw_response.txt,
raw_api,data-feat1-customer-ranking,Modelo L,2,True,True,375,262,0.0006,1,legacy raw_api row; one OpenRouter request,5.5,results\data-feat1-customer-ranking__qwen_qwen3-coder__r2,results\data-feat1-customer-ranking__qwen_qwen3-coder__r2/_raw_response.txt,
raw_api,data-feat1-customer-ranking,Modelo L,3,True,True,375,278,0.0006,1,legacy raw_api row; one OpenRouter request,4.9,results\data-feat1-customer-ranking__qwen_qwen3-coder__r3,results\data-feat1-customer-ranking__qwen_qwen3-coder__r3/_raw_response.txt,
raw_api,data-feat1-customer-ranking,Modelo C,1,True,True,375,304,0.0003,1,legacy raw_api row; one OpenRouter request,6.0,results\data-feat1-customer-ranking__qwen_qwen3-coder-next__r1,results\data-feat1-customer-ranking__qwen_qwen3-coder-next__r1/_raw_response.txt,
raw_api,data-feat1-customer-ranking,Modelo C,2,True,True,375,304,0.0003,1,legacy raw_api row; one OpenRouter request,8.2,results\data-feat1-customer-ranking__qwen_qwen3-coder-next__r2,results\data-feat1-customer-ranking__qwen_qwen3-coder-next__r2/_raw_response.txt,
raw_api,data-feat1-customer-ranking,Modelo C,3,True,True,375,305,0.0003,1,legacy raw_api row; one OpenRouter request,2.7,results\data-feat1-customer-ranking__qwen_qwen3-coder-next__r3,results\data-feat1-customer-ranking__qwen_qwen3-coder-next__r3/_raw_response.txt,
raw_api,data-feat1-customer-ranking,Modelo I,1,True,True,395,1840,0.0025,1,legacy raw_api row; one OpenRouter request,35.0,results\data-feat1-customer-ranking__qwen_qwen3.7-plus__r1,results\data-feat1-customer-ranking__qwen_qwen3.7-plus__r1/_raw_response.txt,
raw_api,data-feat1-customer-ranking,Modelo I,2,True,True,395,1876,0.0025,1,legacy raw_api row; one OpenRouter request,36.1,results\data-feat1-customer-ranking__qwen_qwen3.7-plus__r2,results\data-feat1-customer-ranking__qwen_qwen3.7-plus__r2/_raw_response.txt,
raw_api,data-feat1-customer-ranking,Modelo I,3,True,True,395,2114,0.0028,1,legacy raw_api row; one OpenRouter request,40.1,results\data-feat1-customer-ranking__qwen_qwen3.7-plus__r3,results\data-feat1-customer-ranking__qwen_qwen3.7-plus__r3/_raw_response.txt,
raw_api,data-feat1-customer-ranking,Modelo F,1,True,True,407,2577,0.0007,1,legacy raw_api row; one OpenRouter request,48.4,results\data-feat1-customer-ranking__tencent_hy3-preview__r1,results\data-feat1-customer-ranking__tencent_hy3-preview__r1/_raw_response.txt,
raw_api,data-feat1-customer-ranking,Modelo F,2,True,True,407,2022,0.0006,1,legacy raw_api row; one OpenRouter request,40.4,results\data-feat1-customer-ranking__tencent_hy3-preview__r2,results\data-feat1-customer-ranking__tencent_hy3-preview__r2/_raw_response.txt,
raw_api,data-feat1-customer-ranking,Modelo F,3,True,True,407,3852,0.001,1,legacy raw_api row; one OpenRouter request,71.2,results\data-feat1-customer-ranking__tencent_hy3-preview__r3,results\data-feat1-customer-ranking__tencent_hy3-preview__r3/_raw_response.txt,
raw_api,data-feat1-customer-ranking,Modelo H,1,True,True,371,1625,0.003,1,legacy raw_api row; one OpenRouter request,20.3,results\data-feat1-customer-ranking__z-ai_glm-4.7__r1,results\data-feat1-customer-ranking__z-ai_glm-4.7__r1/_raw_response.txt,
raw_api,data-feat1-customer-ranking,Modelo H,2,True,True,371,1418,0.0026,1,legacy raw_api row; one OpenRouter request,19.0,results\data-feat1-customer-ranking__z-ai_glm-4.7__r2,results\data-feat1-customer-ranking__z-ai_glm-4.7__r2/_raw_response.txt,
raw_api,data-feat1-customer-ranking,Modelo H,3,True,True,371,1787,0.0033,1,legacy raw_api row; one OpenRouter request,54.0,results\data-feat1-customer-ranking__z-ai_glm-4.7__r3,results\data-feat1-customer-ranking__z-ai_glm-4.7__r3/_raw_response.txt,
raw_api,data-feat1-customer-ranking,Modelo B,1,True,True,378,706,0.0032,1,legacy raw_api row; one OpenRouter request,41.3,results\data-feat1-customer-ranking__z-ai_glm-5.2__r1,results\data-feat1-customer-ranking__z-ai_glm-5.2__r1/_raw_response.txt,
raw_api,data-feat1-customer-ranking,Modelo B,2,True,True,378,605,0.0028,1,legacy raw_api row; one OpenRouter request,12.2,results\data-feat1-customer-ranking__z-ai_glm-5.2__r2,results\data-feat1-customer-ranking__z-ai_glm-5.2__r2/_raw_response.txt,
raw_api,data-feat1-customer-ranking,Modelo B,3,True,True,378,1382,0.0059,1,legacy raw_api row; one OpenRouter request,7.7,results\data-feat1-customer-ranking__z-ai_glm-5.2__r3,results\data-feat1-customer-ranking__z-ai_glm-5.2__r3/_raw_response.txt,
raw_api,ng-bug1-missing-input,Modelo A,1,True,True,1070,1126,0.0003,1,legacy raw_api row; one OpenRouter request,10.9,results\ng-bug1-missing-input__deepseek_deepseek-v4-flash__r1,results\ng-bug1-missing-input__deepseek_deepseek-v4-flash__r1/_raw_response.txt,
raw_api,ng-bug1-missing-input,Modelo A,2,True,True,1070,1096,0.0003,1,legacy raw_api row; one OpenRouter request,9.3,results\ng-bug1-missing-input__deepseek_deepseek-v4-flash__r2,results\ng-bug1-missing-input__deepseek_deepseek-v4-flash__r2/_raw_response.txt,
raw_api,ng-bug1-missing-input,Modelo A,3,True,True,1070,983,0.0003,1,legacy raw_api row; one OpenRouter request,9.7,results\ng-bug1-missing-input__deepseek_deepseek-v4-flash__r3,results\ng-bug1-missing-input__deepseek_deepseek-v4-flash__r3/_raw_response.txt,
raw_api,ng-bug1-missing-input,Modelo K,1,True,True,1070,1158,0.0015,1,legacy raw_api row; one OpenRouter request,11.8,results\ng-bug1-missing-input__deepseek_deepseek-v4-pro__r1,results\ng-bug1-missing-input__deepseek_deepseek-v4-pro__r1/_raw_response.txt,
raw_api,ng-bug1-missing-input,Modelo K,2,True,True,1070,1187,0.0015,1,legacy raw_api row; one OpenRouter request,12.5,results\ng-bug1-missing-input__deepseek_deepseek-v4-pro__r2,results\ng-bug1-missing-input__deepseek_deepseek-v4-pro__r2/_raw_response.txt,
raw_api,ng-bug1-missing-input,Modelo K,3,True,True,1070,1290,0.0016,1,legacy raw_api row; one OpenRouter request,14.5,results\ng-bug1-missing-input__deepseek_deepseek-v4-pro__r3,results\ng-bug1-missing-input__deepseek_deepseek-v4-pro__r3/_raw_response.txt,
raw_api,ng-bug1-missing-input,Modelo D,1,True,True,1215,1132,0.002,1,legacy raw_api row; one OpenRouter request,4.2,results\ng-bug1-missing-input__google_gemini-3.1-flash-lite__r1,results\ng-bug1-missing-input__google_gemini-3.1-flash-lite__r1/_raw_response.txt,
raw_api,ng-bug1-missing-input,Modelo D,2,True,True,1215,1132,0.002,1,legacy raw_api row; one OpenRouter request,4.2,results\ng-bug1-missing-input__google_gemini-3.1-flash-lite__r2,results\ng-bug1-missing-input__google_gemini-3.1-flash-lite__r2/_raw_response.txt,
raw_api,ng-bug1-missing-input,Modelo D,3,True,True,1214,1132,0.002,1,legacy raw_api row; one OpenRouter request,4.6,results\ng-bug1-missing-input__google_gemini-3.1-flash-lite__r3,results\ng-bug1-missing-input__google_gemini-3.1-flash-lite__r3/_raw_response.txt,
raw_api,ng-bug1-missing-input,Modelo E,1,True,True,1073,2218,0.0025,1,legacy raw_api row; one OpenRouter request,31.9,results\ng-bug1-missing-input__minimax_minimax-m2.7__r1,results\ng-bug1-missing-input__minimax_minimax-m2.7__r1/_raw_response.txt,
raw_api,ng-bug1-missing-input,Modelo E,2,True,True,1073,2247,0.0025,1,legacy raw_api row; one OpenRouter request,41.7,results\ng-bug1-missing-input__minimax_minimax-m2.7__r2,results\ng-bug1-missing-input__minimax_minimax-m2.7__r2/_raw_response.txt,
raw_api,ng-bug1-missing-input,Modelo E,3,True,True,1073,3019,0.0033,1,legacy raw_api row; one OpenRouter request,48.3,results\ng-bug1-missing-input__minimax_minimax-m2.7__r3,results\ng-bug1-missing-input__minimax_minimax-m2.7__r3/_raw_response.txt,
raw_api,ng-bug1-missing-input,Modelo G,1,True,True,1208,1105,0.0017,1,legacy raw_api row; one OpenRouter request,15.0,results\ng-bug1-missing-input__minimax_minimax-m3__r1,results\ng-bug1-missing-input__minimax_minimax-m3__r1/_raw_response.txt,
raw_api,ng-bug1-missing-input,Modelo G,2,True,True,1208,1086,0.0017,1,legacy raw_api row; one OpenRouter request,14.9,results\ng-bug1-missing-input__minimax_minimax-m3__r2,results\ng-bug1-missing-input__minimax_minimax-m3__r2/_raw_response.txt,
raw_api,ng-bug1-missing-input,Modelo L,1,True,True,1002,913,0.0019,1,legacy raw_api row; one OpenRouter request,10.4,results\ng-bug1-missing-input__qwen_qwen3-coder__r1,results\ng-bug1-missing-input__qwen_qwen3-coder__r1/_raw_response.txt,
raw_api,ng-bug1-missing-input,Modelo L,2,True,True,1002,914,0.0019,1,legacy raw_api row; one OpenRouter request,8.3,results\ng-bug1-missing-input__qwen_qwen3-coder__r2,results\ng-bug1-missing-input__qwen_qwen3-coder__r2/_raw_response.txt,
raw_api,ng-bug1-missing-input,Modelo L,3,True,True,1002,913,0.0019,1,legacy raw_api row; one OpenRouter request,12.7,results\ng-bug1-missing-input__qwen_qwen3-coder__r3,results\ng-bug1-missing-input__qwen_qwen3-coder__r3/_raw_response.txt,
raw_api,ng-bug1-missing-input,Modelo C,1,True,True,1002,914,0.0008,1,legacy raw_api row; one OpenRouter request,5.0,results\ng-bug1-missing-input__qwen_qwen3-coder-next__r1,results\ng-bug1-missing-input__qwen_qwen3-coder-next__r1/_raw_response.txt,
raw_api,ng-bug1-missing-input,Modelo C,2,True,True,1002,914,0.0008,1,legacy raw_api row; one OpenRouter request,24.0,results\ng-bug1-missing-input__qwen_qwen3-coder-next__r2,results\ng-bug1-missing-input__qwen_qwen3-coder-next__r2/_raw_response.txt,
raw_api,ng-bug1-missing-input,Modelo C,3,True,True,1002,914,0.0008,1,legacy raw_api row; one OpenRouter request,5.0,results\ng-bug1-missing-input__qwen_qwen3-coder-next__r3,results\ng-bug1-missing-input__qwen_qwen3-coder-next__r3/_raw_response.txt,
raw_api,ng-bug1-missing-input,Modelo I,1,True,True,1125,2353,0.0034,1,legacy raw_api row; one OpenRouter request,44.7,results\ng-bug1-missing-input__qwen_qwen3.7-plus__r1,results\ng-bug1-missing-input__qwen_qwen3.7-plus__r1/_raw_response.txt,
raw_api,ng-bug1-missing-input,Modelo I,2,True,True,1125,1334,0.0021,1,legacy raw_api row; one OpenRouter request,26.1,results\ng-bug1-missing-input__qwen_qwen3.7-plus__r2,results\ng-bug1-missing-input__qwen_qwen3.7-plus__r2/_raw_response.txt,
raw_api,ng-bug1-missing-input,Modelo I,3,True,True,1125,2351,0.0034,1,legacy raw_api row; one OpenRouter request,44.2,results\ng-bug1-missing-input__qwen_qwen3.7-plus__r3,results\ng-bug1-missing-input__qwen_qwen3.7-plus__r3/_raw_response.txt,
raw_api,ng-bug1-missing-input,Modelo F,1,True,True,1069,1277,0.0004,1,legacy raw_api row; one OpenRouter request,24.2,results\ng-bug1-missing-input__tencent_hy3-preview__r1,results\ng-bug1-missing-input__tencent_hy3-preview__r1/_raw_response.txt,
raw_api,ng-bug1-missing-input,Modelo F,2,True,True,1069,1492,0.0005,1,legacy raw_api row; one OpenRouter request,14.5,results\ng-bug1-missing-input__tencent_hy3-preview__r2,results\ng-bug1-missing-input__tencent_hy3-preview__r2/_raw_response.txt,
raw_api,ng-bug1-missing-input,Modelo F,3,True,True,1069,1401,0.0004,1,legacy raw_api row; one OpenRouter request,25.2,results\ng-bug1-missing-input__tencent_hy3-preview__r3,results\ng-bug1-missing-input__tencent_hy3-preview__r3/_raw_response.txt,
raw_api,ng-bug1-missing-input,Modelo H,1,True,True,999,1484,0.003,1,legacy raw_api row; one OpenRouter request,31.0,results\ng-bug1-missing-input__z-ai_glm-4.7__r1,results\ng-bug1-missing-input__z-ai_glm-4.7__r1/_raw_response.txt,
raw_api,ng-bug1-missing-input,Modelo H,2,True,True,999,1521,0.0031,1,legacy raw_api row; one OpenRouter request,23.4,results\ng-bug1-missing-input__z-ai_glm-4.7__r2,results\ng-bug1-missing-input__z-ai_glm-4.7__r2/_raw_response.txt,
raw_api,ng-bug1-missing-input,Modelo H,3,True,True,999,2353,0.0045,1,legacy raw_api row; one OpenRouter request,84.2,results\ng-bug1-missing-input__z-ai_glm-4.7__r3,results\ng-bug1-missing-input__z-ai_glm-4.7__r3/_raw_response.txt,
raw_api,ng-bug1-missing-input,Modelo B,1,True,True,1006,1039,0.0052,1,legacy raw_api row; one OpenRouter request,7.3,results\ng-bug1-missing-input__z-ai_glm-5.2__r1,results\ng-bug1-missing-input__z-ai_glm-5.2__r1/_raw_response.txt,
raw_api,ng-bug1-missing-input,Modelo B,2,True,True,1006,1009,0.005,1,legacy raw_api row; one OpenRouter request,32.9,results\ng-bug1-missing-input__z-ai_glm-5.2__r2,results\ng-bug1-missing-input__z-ai_glm-5.2__r2/_raw_response.txt,
raw_api,ng-bug1-missing-input,Modelo B,3,True,True,1006,1050,0.0052,1,legacy raw_api row; one OpenRouter request,10.7,results\ng-bug1-missing-input__z-ai_glm-5.2__r3,results\ng-bug1-missing-input__z-ai_glm-5.2__r3/_raw_response.txt,
raw_api,ng-feat1-reading-time,Modelo A,1,True,True,539,956,0.0002,1,legacy raw_api row; one OpenRouter request,8.9,results\ng-feat1-reading-time__deepseek_deepseek-v4-flash__r1,results\ng-feat1-reading-time__deepseek_deepseek-v4-flash__r1/_raw_response.txt,
raw_api,ng-feat1-reading-time,Modelo A,2,True,True,539,949,0.0002,1,legacy raw_api row; one OpenRouter request,54.2,results\ng-feat1-reading-time__deepseek_deepseek-v4-flash__r2,results\ng-feat1-reading-time__deepseek_deepseek-v4-flash__r2/_raw_response.txt,
raw_api,ng-feat1-reading-time,Modelo A,3,True,True,539,904,0.0002,1,legacy raw_api row; one OpenRouter request,8.8,results\ng-feat1-reading-time__deepseek_deepseek-v4-flash__r3,results\ng-feat1-reading-time__deepseek_deepseek-v4-flash__r3/_raw_response.txt,
raw_api,ng-feat1-reading-time,Modelo K,1,True,True,539,939,0.0011,1,legacy raw_api row; one OpenRouter request,11.9,results\ng-feat1-reading-time__deepseek_deepseek-v4-pro__r1,results\ng-feat1-reading-time__deepseek_deepseek-v4-pro__r1/_raw_response.txt,
raw_api,ng-feat1-reading-time,Modelo K,2,True,True,539,929,0.001,1,legacy raw_api row; one OpenRouter request,26.7,results\ng-feat1-reading-time__deepseek_deepseek-v4-pro__r2,results\ng-feat1-reading-time__deepseek_deepseek-v4-pro__r2/_raw_response.txt,
raw_api,ng-feat1-reading-time,Modelo K,3,True,True,539,861,0.001,1,legacy raw_api row; one OpenRouter request,15.5,results\ng-feat1-reading-time__deepseek_deepseek-v4-pro__r3,results\ng-feat1-reading-time__deepseek_deepseek-v4-pro__r3/_raw_response.txt,
raw_api,ng-feat1-reading-time,Modelo D,1,True,True,580,531,0.0009,1,legacy raw_api row; one OpenRouter request,2.8,results\ng-feat1-reading-time__google_gemini-3.1-flash-lite__r1,results\ng-feat1-reading-time__google_gemini-3.1-flash-lite__r1/_raw_response.txt,
raw_api,ng-feat1-reading-time,Modelo D,2,True,True,580,531,0.0009,1,legacy raw_api row; one OpenRouter request,2.7,results\ng-feat1-reading-time__google_gemini-3.1-flash-lite__r2,results\ng-feat1-reading-time__google_gemini-3.1-flash-lite__r2/_raw_response.txt,
raw_api,ng-feat1-reading-time,Modelo D,3,True,True,580,538,0.001,1,legacy raw_api row; one OpenRouter request,2.5,results\ng-feat1-reading-time__google_gemini-3.1-flash-lite__r3,results\ng-feat1-reading-time__google_gemini-3.1-flash-lite__r3/_raw_response.txt,
raw_api,ng-feat1-reading-time,Modelo E,1,True,True,561,933,0.0011,1,legacy raw_api row; one OpenRouter request,16.4,results\ng-feat1-reading-time__minimax_minimax-m2.7__r1,results\ng-feat1-reading-time__minimax_minimax-m2.7__r1/_raw_response.txt,
raw_api,ng-feat1-reading-time,Modelo E,2,True,True,558,863,0.001,1,legacy raw_api row; one OpenRouter request,8.3,results\ng-feat1-reading-time__minimax_minimax-m2.7__r2,results\ng-feat1-reading-time__minimax_minimax-m2.7__r2/_raw_response.txt,
raw_api,ng-feat1-reading-time,Modelo E,3,True,True,561,1383,0.0015,1,legacy raw_api row; one OpenRouter request,26.7,results\ng-feat1-reading-time__minimax_minimax-m2.7__r3,results\ng-feat1-reading-time__minimax_minimax-m2.7__r3/_raw_response.txt,
raw_api,ng-feat1-reading-time,Modelo G,1,True,True,683,452,0.0007,1,legacy raw_api row; one OpenRouter request,4.5,results\ng-feat1-reading-time__minimax_minimax-m3__r1,results\ng-feat1-reading-time__minimax_minimax-m3__r1/_raw_response.txt,
raw_api,ng-feat1-reading-time,Modelo G,2,True,True,696,2306,0.003,1,legacy raw_api row; one OpenRouter request,22.7,results\ng-feat1-reading-time__minimax_minimax-m3__r2,results\ng-feat1-reading-time__minimax_minimax-m3__r2/_raw_response.txt,
raw_api,ng-feat1-reading-time,Modelo G,3,True,True,696,4227,0.0053,1,legacy raw_api row; one OpenRouter request,48.4,results\ng-feat1-reading-time__minimax_minimax-m3__r3,results\ng-feat1-reading-time__minimax_minimax-m3__r3/_raw_response.txt,
raw_api,ng-feat1-reading-time,Modelo L,1,True,True,517,452,0.0009,1,legacy raw_api row; one OpenRouter request,7.2,results\ng-feat1-reading-time__qwen_qwen3-coder__r1,results\ng-feat1-reading-time__qwen_qwen3-coder__r1/_raw_response.txt,
raw_api,ng-feat1-reading-time,Modelo L,2,True,True,517,450,0.0009,1,legacy raw_api row; one OpenRouter request,11.3,results\ng-feat1-reading-time__qwen_qwen3-coder__r2,results\ng-feat1-reading-time__qwen_qwen3-coder__r2/_raw_response.txt,
raw_api,ng-feat1-reading-time,Modelo L,3,True,True,517,460,0.0009,1,legacy raw_api row; one OpenRouter request,3.9,results\ng-feat1-reading-time__qwen_qwen3-coder__r3,results\ng-feat1-reading-time__qwen_qwen3-coder__r3/_raw_response.txt,
raw_api,ng-feat1-reading-time,Modelo C,1,True,True,517,447,0.0004,1,legacy raw_api row; one OpenRouter request,9.3,results\ng-feat1-reading-time__qwen_qwen3-coder-next__r1,results\ng-feat1-reading-time__qwen_qwen3-coder-next__r1/_raw_response.txt,
raw_api,ng-feat1-reading-time,Modelo C,2,True,True,517,446,0.0004,1,legacy raw_api row; one OpenRouter request,3.9,results\ng-feat1-reading-time__qwen_qwen3-coder-next__r2,results\ng-feat1-reading-time__qwen_qwen3-coder-next__r2/_raw_response.txt,
raw_api,ng-feat1-reading-time,Modelo C,3,True,True,517,453,0.0004,1,legacy raw_api row; one OpenRouter request,3.2,results\ng-feat1-reading-time__qwen_qwen3-coder-next__r3,results\ng-feat1-reading-time__qwen_qwen3-coder-next__r3/_raw_response.txt,
raw_api,ng-feat1-reading-time,Modelo I,1,True,True,570,1393,0.002,1,legacy raw_api row; one OpenRouter request,27.0,results\ng-feat1-reading-time__qwen_qwen3.7-plus__r1,results\ng-feat1-reading-time__qwen_qwen3.7-plus__r1/_raw_response.txt,
raw_api,ng-feat1-reading-time,Modelo I,2,True,True,570,1196,0.0017,1,legacy raw_api row; one OpenRouter request,25.1,results\ng-feat1-reading-time__qwen_qwen3.7-plus__r2,results\ng-feat1-reading-time__qwen_qwen3.7-plus__r2/_raw_response.txt,
raw_api,ng-feat1-reading-time,Modelo I,3,True,True,570,2492,0.0034,1,legacy raw_api row; one OpenRouter request,46.4,results\ng-feat1-reading-time__qwen_qwen3.7-plus__r3,results\ng-feat1-reading-time__qwen_qwen3.7-plus__r3/_raw_response.txt,
raw_api,ng-feat1-reading-time,Modelo F,1,True,True,545,2218,0.0006,1,legacy raw_api row; one OpenRouter request,23.7,results\ng-feat1-reading-time__tencent_hy3-preview__r1,results\ng-feat1-reading-time__tencent_hy3-preview__r1/_raw_response.txt,
raw_api,ng-feat1-reading-time,Modelo F,2,True,True,545,4987,0.0013,1,legacy raw_api row; one OpenRouter request,57.7,results\ng-feat1-reading-time__tencent_hy3-preview__r2,results\ng-feat1-reading-time__tencent_hy3-preview__r2/_raw_response.txt,
raw_api,ng-feat1-reading-time,Modelo F,3,True,True,545,3728,0.001,1,legacy raw_api row; one OpenRouter request,41.9,results\ng-feat1-reading-time__tencent_hy3-preview__r3,results\ng-feat1-reading-time__tencent_hy3-preview__r3/_raw_response.txt,
raw_api,ng-feat1-reading-time,Modelo H,1,True,True,511,2422,0.0044,1,legacy raw_api row; one OpenRouter request,18.5,results\ng-feat1-reading-time__z-ai_glm-4.7__r1,results\ng-feat1-reading-time__z-ai_glm-4.7__r1/_raw_response.txt,
raw_api,ng-feat1-reading-time,Modelo H,2,True,True,511,2231,0.0041,1,legacy raw_api row; one OpenRouter request,33.6,results\ng-feat1-reading-time__z-ai_glm-4.7__r2,results\ng-feat1-reading-time__z-ai_glm-4.7__r2/_raw_response.txt,
raw_api,ng-feat1-reading-time,Modelo H,3,True,True,511,1818,0.0034,1,legacy raw_api row; one OpenRouter request,27.3,results\ng-feat1-reading-time__z-ai_glm-4.7__r3,results\ng-feat1-reading-time__z-ai_glm-4.7__r3/_raw_response.txt,
raw_api,ng-feat1-reading-time,Modelo B,1,True,True,518,1807,0.0077,1,legacy raw_api row; one OpenRouter request,48.9,results\ng-feat1-reading-time__z-ai_glm-5.2__r1,results\ng-feat1-reading-time__z-ai_glm-5.2__r1/_raw_response.txt,
raw_api,ng-feat1-reading-time,Modelo B,2,True,True,518,1266,0.0056,1,legacy raw_api row; one OpenRouter request,24.3,results\ng-feat1-reading-time__z-ai_glm-5.2__r2,results\ng-feat1-reading-time__z-ai_glm-5.2__r2/_raw_response.txt,
raw_api,ng-feat1-reading-time,Modelo B,3,True,True,518,1763,0.0076,1,legacy raw_api row; one OpenRouter request,27.6,results\ng-feat1-reading-time__z-ai_glm-5.2__r3,results\ng-feat1-reading-time__z-ai_glm-5.2__r3/_raw_response.txt,
raw_api,ng-feat2-service-search,Modelo A,1,True,True,690,970,0.0002,1,legacy raw_api row; one OpenRouter request,8.3,results\ng-feat2-service-search__deepseek_deepseek-v4-flash__r1,results\ng-feat2-service-search__deepseek_deepseek-v4-flash__r1/_raw_response.txt,
raw_api,ng-feat2-service-search,Modelo A,2,True,True,690,863,0.0002,1,legacy raw_api row; one OpenRouter request,9.0,results\ng-feat2-service-search__deepseek_deepseek-v4-flash__r2,results\ng-feat2-service-search__deepseek_deepseek-v4-flash__r2/_raw_response.txt,
raw_api,ng-feat2-service-search,Modelo A,3,True,True,690,846,0.0002,1,legacy raw_api row; one OpenRouter request,8.3,results\ng-feat2-service-search__deepseek_deepseek-v4-flash__r3,results\ng-feat2-service-search__deepseek_deepseek-v4-flash__r3/_raw_response.txt,
raw_api,ng-feat2-service-search,Modelo K,1,True,True,690,1835,0.0019,1,legacy raw_api row; one OpenRouter request,30.0,results\ng-feat2-service-search__deepseek_deepseek-v4-pro__r1,results\ng-feat2-service-search__deepseek_deepseek-v4-pro__r1/_raw_response.txt,
raw_api,ng-feat2-service-search,Modelo K,2,True,True,690,1067,0.0012,1,legacy raw_api row; one OpenRouter request,19.5,results\ng-feat2-service-search__deepseek_deepseek-v4-pro__r2,results\ng-feat2-service-search__deepseek_deepseek-v4-pro__r2/_raw_response.txt,
raw_api,ng-feat2-service-search,Modelo K,3,True,True,690,1017,0.0012,1,legacy raw_api row; one OpenRouter request,18.6,results\ng-feat2-service-search__deepseek_deepseek-v4-pro__r3,results\ng-feat2-service-search__deepseek_deepseek-v4-pro__r3/_raw_response.txt,
raw_api,ng-feat2-service-search,Modelo D,1,True,True,761,711,0.0013,1,legacy raw_api row; one OpenRouter request,3.7,results\ng-feat2-service-search__google_gemini-3.1-flash-lite__r1,results\ng-feat2-service-search__google_gemini-3.1-flash-lite__r1/_raw_response.txt,
raw_api,ng-feat2-service-search,Modelo D,2,True,True,760,711,0.0013,1,legacy raw_api row; one OpenRouter request,3.3,results\ng-feat2-service-search__google_gemini-3.1-flash-lite__r2,results\ng-feat2-service-search__google_gemini-3.1-flash-lite__r2/_raw_response.txt,
raw_api,ng-feat2-service-search,Modelo D,3,True,True,761,711,0.0013,1,legacy raw_api row; one OpenRouter request,3.1,results\ng-feat2-service-search__google_gemini-3.1-flash-lite__r3,results\ng-feat2-service-search__google_gemini-3.1-flash-lite__r3/_raw_response.txt,
raw_api,ng-feat2-service-search,Modelo E,1,True,True,719,948,0.0011,1,legacy raw_api row; one OpenRouter request,17.9,results\ng-feat2-service-search__minimax_minimax-m2.7__r1,results\ng-feat2-service-search__minimax_minimax-m2.7__r1/_raw_response.txt,
raw_api,ng-feat2-service-search,Modelo E,2,False,False,721,979,0.0012,1,legacy raw_api row; one OpenRouter request,12.9,results\ng-feat2-service-search__minimax_minimax-m2.7__r2,results\ng-feat2-service-search__minimax_minimax-m2.7__r2/_raw_response.txt,
raw_api,ng-feat2-service-search,Modelo E,3,True,True,716,918,0.0011,1,legacy raw_api row; one OpenRouter request,20.9,results\ng-feat2-service-search__minimax_minimax-m2.7__r3,results\ng-feat2-service-search__minimax_minimax-m2.7__r3/_raw_response.txt,
raw_api,ng-feat2-service-search,Modelo G,1,True,True,854,924,0.0014,1,legacy raw_api row; one OpenRouter request,13.1,results\ng-feat2-service-search__minimax_minimax-m3__r1,results\ng-feat2-service-search__minimax_minimax-m3__r1/_raw_response.txt,
raw_api,ng-feat2-service-search,Modelo G,2,True,True,854,929,0.0014,1,legacy raw_api row; one OpenRouter request,12.9,results\ng-feat2-service-search__minimax_minimax-m3__r2,results\ng-feat2-service-search__minimax_minimax-m3__r2/_raw_response.txt,
raw_api,ng-feat2-service-search,Modelo G,3,True,True,854,1040,0.0015,1,legacy raw_api row; one OpenRouter request,13.5,results\ng-feat2-service-search__minimax_minimax-m3__r3,results\ng-feat2-service-search__minimax_minimax-m3__r3/_raw_response.txt,
raw_api,ng-feat2-service-search,Modelo L,1,True,True,636,566,0.0012,1,legacy raw_api row; one OpenRouter request,6.9,results\ng-feat2-service-search__qwen_qwen3-coder__r1,results\ng-feat2-service-search__qwen_qwen3-coder__r1/_raw_response.txt,
raw_api,ng-feat2-service-search,Modelo L,2,True,True,636,566,0.0012,1,legacy raw_api row; one OpenRouter request,9.6,results\ng-feat2-service-search__qwen_qwen3-coder__r2,results\ng-feat2-service-search__qwen_qwen3-coder__r2/_raw_response.txt,
raw_api,ng-feat2-service-search,Modelo L,3,True,True,636,568,0.0012,1,legacy raw_api row; one OpenRouter request,11.2,results\ng-feat2-service-search__qwen_qwen3-coder__r3,results\ng-feat2-service-search__qwen_qwen3-coder__r3/_raw_response.txt,
raw_api,ng-feat2-service-search,Modelo C,1,True,True,636,571,0.0005,1,legacy raw_api row; one OpenRouter request,8.5,results\ng-feat2-service-search__qwen_qwen3-coder-next__r1,results\ng-feat2-service-search__qwen_qwen3-coder-next__r1/_raw_response.txt,
raw_api,ng-feat2-service-search,Modelo C,2,True,True,636,571,0.0005,1,legacy raw_api row; one OpenRouter request,15.1,results\ng-feat2-service-search__qwen_qwen3-coder-next__r2,results\ng-feat2-service-search__qwen_qwen3-coder-next__r2/_raw_response.txt,
raw_api,ng-feat2-service-search,Modelo C,3,True,True,636,571,0.0005,1,legacy raw_api row; one OpenRouter request,5.9,results\ng-feat2-service-search__qwen_qwen3-coder-next__r3,results\ng-feat2-service-search__qwen_qwen3-coder-next__r3/_raw_response.txt,
raw_api,ng-feat2-service-search,Modelo I,1,True,True,694,2661,0.0036,1,legacy raw_api row; one OpenRouter request,50.4,results\ng-feat2-service-search__qwen_qwen3.7-plus__r1,results\ng-feat2-service-search__qwen_qwen3.7-plus__r1/_raw_response.txt,
raw_api,ng-feat2-service-search,Modelo I,2,True,True,694,2520,0.0034,1,legacy raw_api row; one OpenRouter request,47.7,results\ng-feat2-service-search__qwen_qwen3.7-plus__r2,results\ng-feat2-service-search__qwen_qwen3.7-plus__r2/_raw_response.txt,
raw_api,ng-feat2-service-search,Modelo I,3,True,True,694,1935,0.0027,1,legacy raw_api row; one OpenRouter request,36.6,results\ng-feat2-service-search__qwen_qwen3.7-plus__r3,results\ng-feat2-service-search__qwen_qwen3.7-plus__r3/_raw_response.txt,
raw_api,ng-feat2-service-search,Modelo F,1,True,True,700,2369,0.0007,1,legacy raw_api row; one OpenRouter request,40.6,results\ng-feat2-service-search__tencent_hy3-preview__r1,results\ng-feat2-service-search__tencent_hy3-preview__r1/_raw_response.txt,
raw_api,ng-feat2-service-search,Modelo F,2,True,True,700,2173,0.0006,1,legacy raw_api row; one OpenRouter request,43.5,results\ng-feat2-service-search__tencent_hy3-preview__r2,results\ng-feat2-service-search__tencent_hy3-preview__r2/_raw_response.txt,
raw_api,ng-feat2-service-search,Modelo F,3,True,True,700,2534,0.0007,1,legacy raw_api row; one OpenRouter request,46.8,results\ng-feat2-service-search__tencent_hy3-preview__r3,results\ng-feat2-service-search__tencent_hy3-preview__r3/_raw_response.txt,
raw_api,ng-feat2-service-search,Modelo H,1,True,True,632,2135,0.004,1,legacy raw_api row; one OpenRouter request,54.6,results\ng-feat2-service-search__z-ai_glm-4.7__r1,results\ng-feat2-service-search__z-ai_glm-4.7__r1/_raw_response.txt,
raw_api,ng-feat2-service-search,Modelo H,2,True,True,632,2071,0.0039,1,legacy raw_api row; one OpenRouter request,30.3,results\ng-feat2-service-search__z-ai_glm-4.7__r2,results\ng-feat2-service-search__z-ai_glm-4.7__r2/_raw_response.txt,
raw_api,ng-feat2-service-search,Modelo H,3,True,True,632,2125,0.004,1,legacy raw_api row; one OpenRouter request,29.8,results\ng-feat2-service-search__z-ai_glm-4.7__r3,results\ng-feat2-service-search__z-ai_glm-4.7__r3/_raw_response.txt,
raw_api,ng-feat2-service-search,Modelo B,1,True,True,639,1643,0.0072,1,legacy raw_api row; one OpenRouter request,22.5,results\ng-feat2-service-search__z-ai_glm-5.2__r1,results\ng-feat2-service-search__z-ai_glm-5.2__r1/_raw_response.txt,
raw_api,ng-feat2-service-search,Modelo B,2,True,True,639,1589,0.007,1,legacy raw_api row; one OpenRouter request,35.1,results\ng-feat2-service-search__z-ai_glm-5.2__r2,results\ng-feat2-service-search__z-ai_glm-5.2__r2/_raw_response.txt,
raw_api,ng-feat2-service-search,Modelo B,3,True,True,639,1455,0.0065,1,legacy raw_api row; one OpenRouter request,55.6,results\ng-feat2-service-search__z-ai_glm-5.2__r3,results\ng-feat2-service-search__z-ai_glm-5.2__r3/_raw_response.txt,
raw_api,re-bug1-favorite-count,Modelo A,1,True,True,699,579,0.0002,1,legacy raw_api row; one OpenRouter request,35.3,results\re-bug1-favorite-count__deepseek_deepseek-v4-flash__r1,results\re-bug1-favorite-count__deepseek_deepseek-v4-flash__r1/_raw_response.txt,
raw_api,re-bug1-favorite-count,Modelo A,2,True,True,699,898,0.0002,1,legacy raw_api row; one OpenRouter request,8.7,results\re-bug1-favorite-count__deepseek_deepseek-v4-flash__r2,results\re-bug1-favorite-count__deepseek_deepseek-v4-flash__r2/_raw_response.txt,
raw_api,re-bug1-favorite-count,Modelo A,3,True,True,699,803,0.0002,1,legacy raw_api row; one OpenRouter request,8.3,results\re-bug1-favorite-count__deepseek_deepseek-v4-flash__r3,results\re-bug1-favorite-count__deepseek_deepseek-v4-flash__r3/_raw_response.txt,
raw_api,re-bug1-favorite-count,Modelo K,1,True,True,699,990,0.0012,1,legacy raw_api row; one OpenRouter request,16.6,results\re-bug1-favorite-count__deepseek_deepseek-v4-pro__r1,results\re-bug1-favorite-count__deepseek_deepseek-v4-pro__r1/_raw_response.txt,
raw_api,re-bug1-favorite-count,Modelo K,2,True,True,699,700,0.0009,1,legacy raw_api row; one OpenRouter request,12.3,results\re-bug1-favorite-count__deepseek_deepseek-v4-pro__r2,results\re-bug1-favorite-count__deepseek_deepseek-v4-pro__r2/_raw_response.txt,
raw_api,re-bug1-favorite-count,Modelo K,3,True,True,699,819,0.001,1,legacy raw_api row; one OpenRouter request,13.0,results\re-bug1-favorite-count__deepseek_deepseek-v4-pro__r3,results\re-bug1-favorite-count__deepseek_deepseek-v4-pro__r3/_raw_response.txt,
raw_api,re-bug1-favorite-count,Modelo D,1,True,True,767,654,0.0012,1,legacy raw_api row; one OpenRouter request,2.7,results\re-bug1-favorite-count__google_gemini-3.1-flash-lite__r1,results\re-bug1-favorite-count__google_gemini-3.1-flash-lite__r1/_raw_response.txt,
raw_api,re-bug1-favorite-count,Modelo D,2,True,True,767,654,0.0012,1,legacy raw_api row; one OpenRouter request,2.4,results\re-bug1-favorite-count__google_gemini-3.1-flash-lite__r2,results\re-bug1-favorite-count__google_gemini-3.1-flash-lite__r2/_raw_response.txt,
raw_api,re-bug1-favorite-count,Modelo D,3,True,True,766,654,0.0012,1,legacy raw_api row; one OpenRouter request,2.8,results\re-bug1-favorite-count__google_gemini-3.1-flash-lite__r3,results\re-bug1-favorite-count__google_gemini-3.1-flash-lite__r3/_raw_response.txt,
raw_api,re-bug1-favorite-count,Modelo E,1,True,True,692,1370,0.0015,1,legacy raw_api row; one OpenRouter request,5.1,results\re-bug1-favorite-count__minimax_minimax-m2.7__r1,results\re-bug1-favorite-count__minimax_minimax-m2.7__r1/_raw_response.txt,
raw_api,re-bug1-favorite-count,Modelo E,2,True,True,695,1271,0.0014,1,legacy raw_api row; one OpenRouter request,19.8,results\re-bug1-favorite-count__minimax_minimax-m2.7__r2,results\re-bug1-favorite-count__minimax_minimax-m2.7__r2/_raw_response.txt,
raw_api,re-bug1-favorite-count,Modelo E,3,True,True,692,807,0.001,1,legacy raw_api row; one OpenRouter request,4.5,results\re-bug1-favorite-count__minimax_minimax-m2.7__r3,results\re-bug1-favorite-count__minimax_minimax-m2.7__r3/_raw_response.txt,
raw_api,re-bug1-favorite-count,Modelo G,1,True,True,830,742,0.0011,1,legacy raw_api row; one OpenRouter request,16.5,results\re-bug1-favorite-count__minimax_minimax-m3__r1,results\re-bug1-favorite-count__minimax_minimax-m3__r1/_raw_response.txt,
raw_api,re-bug1-favorite-count,Modelo G,2,True,True,830,820,0.0012,1,legacy raw_api row; one OpenRouter request,35.3,results\re-bug1-favorite-count__minimax_minimax-m3__r2,results\re-bug1-favorite-count__minimax_minimax-m3__r2/_raw_response.txt,
raw_api,re-bug1-favorite-count,Modelo G,3,True,True,830,969,0.0014,1,legacy raw_api row; one OpenRouter request,17.3,results\re-bug1-favorite-count__minimax_minimax-m3__r3,results\re-bug1-favorite-count__minimax_minimax-m3__r3/_raw_response.txt,
raw_api,re-bug1-favorite-count,Modelo L,1,True,True,613,497,0.001,1,legacy raw_api row; one OpenRouter request,13.0,results\re-bug1-favorite-count__qwen_qwen3-coder__r1,results\re-bug1-favorite-count__qwen_qwen3-coder__r1/_raw_response.txt,
raw_api,re-bug1-favorite-count,Modelo L,2,True,True,613,497,0.001,1,legacy raw_api row; one OpenRouter request,8.6,results\re-bug1-favorite-count__qwen_qwen3-coder__r2,results\re-bug1-favorite-count__qwen_qwen3-coder__r2/_raw_response.txt,
raw_api,re-bug1-favorite-count,Modelo L,3,True,True,613,497,0.001,1,legacy raw_api row; one OpenRouter request,8.5,results\re-bug1-favorite-count__qwen_qwen3-coder__r3,results\re-bug1-favorite-count__qwen_qwen3-coder__r3/_raw_response.txt,
raw_api,re-bug1-favorite-count,Modelo C,1,True,True,613,498,0.0005,1,legacy raw_api row; one OpenRouter request,3.8,results\re-bug1-favorite-count__qwen_qwen3-coder-next__r1,results\re-bug1-favorite-count__qwen_qwen3-coder-next__r1/_raw_response.txt,
raw_api,re-bug1-favorite-count,Modelo C,2,True,True,613,498,0.0005,1,legacy raw_api row; one OpenRouter request,11.2,results\re-bug1-favorite-count__qwen_qwen3-coder-next__r2,results\re-bug1-favorite-count__qwen_qwen3-coder-next__r2/_raw_response.txt,
raw_api,re-bug1-favorite-count,Modelo C,3,True,True,613,498,0.0005,1,legacy raw_api row; one OpenRouter request,7.7,results\re-bug1-favorite-count__qwen_qwen3-coder-next__r3,results\re-bug1-favorite-count__qwen_qwen3-coder-next__r3/_raw_response.txt,
raw_api,re-bug1-favorite-count,Modelo I,1,True,True,695,1157,0.0017,1,legacy raw_api row; one OpenRouter request,25.4,results\re-bug1-favorite-count__qwen_qwen3.7-plus__r1,results\re-bug1-favorite-count__qwen_qwen3.7-plus__r1/_raw_response.txt,
raw_api,re-bug1-favorite-count,Modelo I,2,True,True,695,1513,0.0022,1,legacy raw_api row; one OpenRouter request,30.2,results\re-bug1-favorite-count__qwen_qwen3.7-plus__r2,results\re-bug1-favorite-count__qwen_qwen3.7-plus__r2/_raw_response.txt,
raw_api,re-bug1-favorite-count,Modelo I,3,True,True,695,1168,0.0017,1,legacy raw_api row; one OpenRouter request,24.8,results\re-bug1-favorite-count__qwen_qwen3.7-plus__r3,results\re-bug1-favorite-count__qwen_qwen3.7-plus__r3/_raw_response.txt,
raw_api,re-bug1-favorite-count,Modelo F,1,True,True,695,2026,0.0006,1,legacy raw_api row; one OpenRouter request,37.4,results\re-bug1-favorite-count__tencent_hy3-preview__r1,results\re-bug1-favorite-count__tencent_hy3-preview__r1/_raw_response.txt,
raw_api,re-bug1-favorite-count,Modelo F,2,True,True,695,2164,0.0006,1,legacy raw_api row; one OpenRouter request,39.9,results\re-bug1-favorite-count__tencent_hy3-preview__r2,results\re-bug1-favorite-count__tencent_hy3-preview__r2/_raw_response.txt,
raw_api,re-bug1-favorite-count,Modelo F,3,True,True,695,3311,0.0009,1,legacy raw_api row; one OpenRouter request,63.3,results\re-bug1-favorite-count__tencent_hy3-preview__r3,results\re-bug1-favorite-count__tencent_hy3-preview__r3/_raw_response.txt,
raw_api,re-bug1-favorite-count,Modelo H,1,True,True,610,1267,0.0025,1,legacy raw_api row; one OpenRouter request,16.7,results\re-bug1-favorite-count__z-ai_glm-4.7__r1,results\re-bug1-favorite-count__z-ai_glm-4.7__r1/_raw_response.txt,
raw_api,re-bug1-favorite-count,Modelo H,2,True,True,610,1303,0.0025,1,legacy raw_api row; one OpenRouter request,29.2,results\re-bug1-favorite-count__z-ai_glm-4.7__r2,results\re-bug1-favorite-count__z-ai_glm-4.7__r2/_raw_response.txt,
raw_api,re-bug1-favorite-count,Modelo H,3,True,True,610,1658,0.0031,1,legacy raw_api row; one OpenRouter request,21.5,results\re-bug1-favorite-count__z-ai_glm-4.7__r3,results\re-bug1-favorite-count__z-ai_glm-4.7__r3/_raw_response.txt,
raw_api,re-bug1-favorite-count,Modelo B,1,True,True,617,861,0.0041,1,legacy raw_api row; one OpenRouter request,16.9,results\re-bug1-favorite-count__z-ai_glm-5.2__r1,results\re-bug1-favorite-count__z-ai_glm-5.2__r1/_raw_response.txt,
raw_api,re-bug1-favorite-count,Modelo B,2,True,True,617,913,0.0043,1,legacy raw_api row; one OpenRouter request,19.2,results\re-bug1-favorite-count__z-ai_glm-5.2__r2,results\re-bug1-favorite-count__z-ai_glm-5.2__r2/_raw_response.txt,
raw_api,re-bug1-favorite-count,Modelo B,3,True,True,617,884,0.0042,1,legacy raw_api row; one OpenRouter request,26.5,results\re-bug1-favorite-count__z-ai_glm-5.2__r3,results\re-bug1-favorite-count__z-ai_glm-5.2__r3/_raw_response.txt,
raw_api,re-feat1-reading-time,Modelo A,1,True,True,166,374,0.0001,1,legacy raw_api row; one OpenRouter request,4.5,results\re-feat1-reading-time__deepseek_deepseek-v4-flash__r1,results\re-feat1-reading-time__deepseek_deepseek-v4-flash__r1/_raw_response.txt,
raw_api,re-feat1-reading-time,Modelo A,2,True,True,166,489,0.0001,1,legacy raw_api row; one OpenRouter request,4.7,results\re-feat1-reading-time__deepseek_deepseek-v4-flash__r2,results\re-feat1-reading-time__deepseek_deepseek-v4-flash__r2/_raw_response.txt,
raw_api,re-feat1-reading-time,Modelo A,3,True,True,166,1275,0.0002,1,legacy raw_api row; one OpenRouter request,13.8,results\re-feat1-reading-time__deepseek_deepseek-v4-flash__r3,results\re-feat1-reading-time__deepseek_deepseek-v4-flash__r3/_raw_response.txt,
raw_api,re-feat1-reading-time,Modelo K,1,True,True,166,815,0.0008,1,legacy raw_api row; one OpenRouter request,16.4,results\re-feat1-reading-time__deepseek_deepseek-v4-pro__r1,results\re-feat1-reading-time__deepseek_deepseek-v4-pro__r1/_raw_response.txt,
raw_api,re-feat1-reading-time,Modelo K,2,True,True,166,124,0.0002,1,legacy raw_api row; one OpenRouter request,26.6,results\re-feat1-reading-time__deepseek_deepseek-v4-pro__r2,results\re-feat1-reading-time__deepseek_deepseek-v4-pro__r2/_raw_response.txt,
raw_api,re-feat1-reading-time,Modelo K,3,True,True,166,1235,0.0011,1,legacy raw_api row; one OpenRouter request,24.5,results\re-feat1-reading-time__deepseek_deepseek-v4-pro__r3,results\re-feat1-reading-time__deepseek_deepseek-v4-pro__r3/_raw_response.txt,
raw_api,re-feat1-reading-time,Modelo D,1,True,True,171,139,0.0003,1,legacy raw_api row; one OpenRouter request,2.2,results\re-feat1-reading-time__google_gemini-3.1-flash-lite__r1,results\re-feat1-reading-time__google_gemini-3.1-flash-lite__r1/_raw_response.txt,
raw_api,re-feat1-reading-time,Modelo D,2,True,True,171,139,0.0003,1,legacy raw_api row; one OpenRouter request,2.9,results\re-feat1-reading-time__google_gemini-3.1-flash-lite__r2,results\re-feat1-reading-time__google_gemini-3.1-flash-lite__r2/_raw_response.txt,
raw_api,re-feat1-reading-time,Modelo D,3,True,True,172,137,0.0002,1,legacy raw_api row; one OpenRouter request,2.6,results\re-feat1-reading-time__google_gemini-3.1-flash-lite__r3,results\re-feat1-reading-time__google_gemini-3.1-flash-lite__r3/_raw_response.txt,
raw_api,re-feat1-reading-time,Modelo E,1,True,True,198,640,0.0007,1,legacy raw_api row; one OpenRouter request,11.8,results\re-feat1-reading-time__minimax_minimax-m2.7__r1,results\re-feat1-reading-time__minimax_minimax-m2.7__r1/_raw_response.txt,
raw_api,re-feat1-reading-time,Modelo E,2,True,True,194,1106,0.0012,1,legacy raw_api row; one OpenRouter request,5.0,results\re-feat1-reading-time__minimax_minimax-m2.7__r2,results\re-feat1-reading-time__minimax_minimax-m2.7__r2/_raw_response.txt,
raw_api,re-feat1-reading-time,Modelo E,3,True,True,194,1249,0.0013,1,legacy raw_api row; one OpenRouter request,5.4,results\re-feat1-reading-time__minimax_minimax-m2.7__r3,results\re-feat1-reading-time__minimax_minimax-m2.7__r3/_raw_response.txt,
raw_api,re-feat1-reading-time,Modelo G,1,True,True,333,572,0.0008,1,legacy raw_api row; one OpenRouter request,7.9,results\re-feat1-reading-time__minimax_minimax-m3__r1,results\re-feat1-reading-time__minimax_minimax-m3__r1/_raw_response.txt,
raw_api,re-feat1-reading-time,Modelo G,2,True,True,333,1131,0.0015,1,legacy raw_api row; one OpenRouter request,16.6,results\re-feat1-reading-time__minimax_minimax-m3__r2,results\re-feat1-reading-time__minimax_minimax-m3__r2/_raw_response.txt,
raw_api,re-feat1-reading-time,Modelo G,3,True,True,333,707,0.0009,1,legacy raw_api row; one OpenRouter request,10.5,results\re-feat1-reading-time__minimax_minimax-m3__r3,results\re-feat1-reading-time__minimax_minimax-m3__r3/_raw_response.txt,
raw_api,re-feat1-reading-time,Modelo L,1,True,True,172,120,0.0003,1,legacy raw_api row; one OpenRouter request,2.4,results\re-feat1-reading-time__qwen_qwen3-coder__r1,results\re-feat1-reading-time__qwen_qwen3-coder__r1/_raw_response.txt,
raw_api,re-feat1-reading-time,Modelo L,2,True,True,172,168,0.0003,1,legacy raw_api row; one OpenRouter request,3.0,results\re-feat1-reading-time__qwen_qwen3-coder__r2,results\re-feat1-reading-time__qwen_qwen3-coder__r2/_raw_response.txt,
raw_api,re-feat1-reading-time,Modelo L,3,True,True,172,163,0.0003,1,legacy raw_api row; one OpenRouter request,5.8,results\re-feat1-reading-time__qwen_qwen3-coder__r3,results\re-feat1-reading-time__qwen_qwen3-coder__r3/_raw_response.txt,
raw_api,re-feat1-reading-time,Modelo C,1,True,True,172,156,0.0001,1,legacy raw_api row; one OpenRouter request,1.8,results\re-feat1-reading-time__qwen_qwen3-coder-next__r1,results\re-feat1-reading-time__qwen_qwen3-coder-next__r1/_raw_response.txt,
raw_api,re-feat1-reading-time,Modelo C,2,True,True,172,173,0.0002,1,legacy raw_api row; one OpenRouter request,2.6,results\re-feat1-reading-time__qwen_qwen3-coder-next__r2,results\re-feat1-reading-time__qwen_qwen3-coder-next__r2/_raw_response.txt,
raw_api,re-feat1-reading-time,Modelo C,3,True,True,172,154,0.0001,1,legacy raw_api row; one OpenRouter request,2.5,results\re-feat1-reading-time__qwen_qwen3-coder-next__r3,results\re-feat1-reading-time__qwen_qwen3-coder-next__r3/_raw_response.txt,
raw_api,re-feat1-reading-time,Modelo I,1,True,True,181,1351,0.0018,1,legacy raw_api row; one OpenRouter request,26.3,results\re-feat1-reading-time__qwen_qwen3.7-plus__r1,results\re-feat1-reading-time__qwen_qwen3.7-plus__r1/_raw_response.txt,
raw_api,re-feat1-reading-time,Modelo I,2,True,True,181,2016,0.0026,1,legacy raw_api row; one OpenRouter request,38.0,results\re-feat1-reading-time__qwen_qwen3.7-plus__r2,results\re-feat1-reading-time__qwen_qwen3.7-plus__r2/_raw_response.txt,
raw_api,re-feat1-reading-time,Modelo I,3,True,True,181,1658,0.0022,1,legacy raw_api row; one OpenRouter request,31.5,results\re-feat1-reading-time__qwen_qwen3.7-plus__r3,results\re-feat1-reading-time__qwen_qwen3.7-plus__r3/_raw_response.txt,
raw_api,re-feat1-reading-time,Modelo F,1,True,True,175,3650,0.001,1,legacy raw_api row; one OpenRouter request,34.8,results\re-feat1-reading-time__tencent_hy3-preview__r1,results\re-feat1-reading-time__tencent_hy3-preview__r1/_raw_response.txt,
raw_api,re-feat1-reading-time,Modelo F,2,True,True,175,1380,0.0004,1,legacy raw_api row; one OpenRouter request,13.3,results\re-feat1-reading-time__tencent_hy3-preview__r2,results\re-feat1-reading-time__tencent_hy3-preview__r2/_raw_response.txt,
raw_api,re-feat1-reading-time,Modelo F,3,True,True,175,2103,0.0006,1,legacy raw_api row; one OpenRouter request,17.7,results\re-feat1-reading-time__tencent_hy3-preview__r3,results\re-feat1-reading-time__tencent_hy3-preview__r3/_raw_response.txt,
raw_api,re-feat1-reading-time,Modelo H,1,True,True,165,2370,0.0042,1,legacy raw_api row; one OpenRouter request,10.2,results\re-feat1-reading-time__z-ai_glm-4.7__r1,results\re-feat1-reading-time__z-ai_glm-4.7__r1/_raw_response.txt,
raw_api,re-feat1-reading-time,Modelo H,2,True,True,165,4101,0.0072,1,legacy raw_api row; one OpenRouter request,60.1,results\re-feat1-reading-time__z-ai_glm-4.7__r2,results\re-feat1-reading-time__z-ai_glm-4.7__r2/_raw_response.txt,
raw_api,re-feat1-reading-time,Modelo H,3,True,True,165,3947,0.007,1,legacy raw_api row; one OpenRouter request,56.9,results\re-feat1-reading-time__z-ai_glm-4.7__r3,results\re-feat1-reading-time__z-ai_glm-4.7__r3/_raw_response.txt,
raw_api,re-feat1-reading-time,Modelo B,1,True,True,172,1443,0.0059,1,legacy raw_api row; one OpenRouter request,11.4,results\re-feat1-reading-time__z-ai_glm-5.2__r1,results\re-feat1-reading-time__z-ai_glm-5.2__r1/_raw_response.txt,
raw_api,re-feat1-reading-time,Modelo B,2,True,True,172,611,0.0026,1,legacy raw_api row; one OpenRouter request,14.5,results\re-feat1-reading-time__z-ai_glm-5.2__r2,results\re-feat1-reading-time__z-ai_glm-5.2__r2/_raw_response.txt,
raw_api,re-feat1-reading-time,Modelo B,3,True,True,172,771,0.0033,1,legacy raw_api row; one OpenRouter request,12.0,results\re-feat1-reading-time__z-ai_glm-5.2__r3,results\re-feat1-reading-time__z-ai_glm-5.2__r3/_raw_response.txt,
raw_api,re-feat2-author-filter,Modelo A,1,True,True,742,1356,0.0003,1,legacy raw_api row; one OpenRouter request,13.9,results\re-feat2-author-filter__deepseek_deepseek-v4-flash__r1,results\re-feat2-author-filter__deepseek_deepseek-v4-flash__r1/_raw_response.txt,
raw_api,re-feat2-author-filter,Modelo A,2,True,True,742,1110,0.0003,1,legacy raw_api row; one OpenRouter request,11.6,results\re-feat2-author-filter__deepseek_deepseek-v4-flash__r2,results\re-feat2-author-filter__deepseek_deepseek-v4-flash__r2/_raw_response.txt,
raw_api,re-feat2-author-filter,Modelo A,3,False,False,742,1451,0.0003,1,legacy raw_api row; one OpenRouter request,15.2,results\re-feat2-author-filter__deepseek_deepseek-v4-flash__r3,results\re-feat2-author-filter__deepseek_deepseek-v4-flash__r3/_raw_response.txt,
raw_api,re-feat2-author-filter,Modelo K,1,False,False,742,1441,0.0016,1,legacy raw_api row; one OpenRouter request,23.5,results\re-feat2-author-filter__deepseek_deepseek-v4-pro__r1,results\re-feat2-author-filter__deepseek_deepseek-v4-pro__r1/_raw_response.txt,
raw_api,re-feat2-author-filter,Modelo K,2,False,False,742,633,0.0009,1,legacy raw_api row; one OpenRouter request,13.3,results\re-feat2-author-filter__deepseek_deepseek-v4-pro__r2,results\re-feat2-author-filter__deepseek_deepseek-v4-pro__r2/_raw_response.txt,
raw_api,re-feat2-author-filter,Modelo K,3,False,False,742,977,0.0012,1,legacy raw_api row; one OpenRouter request,28.2,results\re-feat2-author-filter__deepseek_deepseek-v4-pro__r3,results\re-feat2-author-filter__deepseek_deepseek-v4-pro__r3/_raw_response.txt,
raw_api,re-feat2-author-filter,Modelo D,1,False,False,820,714,0.0013,1,legacy raw_api row; one OpenRouter request,2.9,results\re-feat2-author-filter__google_gemini-3.1-flash-lite__r1,results\re-feat2-author-filter__google_gemini-3.1-flash-lite__r1/_raw_response.txt,
raw_api,re-feat2-author-filter,Modelo D,2,False,False,821,714,0.0013,1,legacy raw_api row; one OpenRouter request,2.5,results\re-feat2-author-filter__google_gemini-3.1-flash-lite__r2,results\re-feat2-author-filter__google_gemini-3.1-flash-lite__r2/_raw_response.txt,
raw_api,re-feat2-author-filter,Modelo D,3,False,False,820,714,0.0013,1,legacy raw_api row; one OpenRouter request,5.8,results\re-feat2-author-filter__google_gemini-3.1-flash-lite__r3,results\re-feat2-author-filter__google_gemini-3.1-flash-lite__r3/_raw_response.txt,
raw_api,re-feat2-author-filter,Modelo E,1,False,False,725,1494,0.0017,1,legacy raw_api row; one OpenRouter request,26.0,results\re-feat2-author-filter__minimax_minimax-m2.7__r1,results\re-feat2-author-filter__minimax_minimax-m2.7__r1/_raw_response.txt,
raw_api,re-feat2-author-filter,Modelo E,2,False,False,728,1810,0.002,1,legacy raw_api row; one OpenRouter request,28.1,results\re-feat2-author-filter__minimax_minimax-m2.7__r2,results\re-feat2-author-filter__minimax_minimax-m2.7__r2/_raw_response.txt,
raw_api,re-feat2-author-filter,Modelo E,3,False,False,725,1405,0.0016,1,legacy raw_api row; one OpenRouter request,28.9,results\re-feat2-author-filter__minimax_minimax-m2.7__r3,results\re-feat2-author-filter__minimax_minimax-m2.7__r3/_raw_response.txt,
raw_api,re-feat2-author-filter,Modelo G,1,True,True,850,580,0.001,1,legacy raw_api row; one OpenRouter request,5.7,results\re-feat2-author-filter__minimax_minimax-m3__r1,results\re-feat2-author-filter__minimax_minimax-m3__r1/_raw_response.txt,
raw_api,re-feat2-author-filter,Modelo G,2,False,False,850,585,0.001,1,legacy raw_api row; one OpenRouter request,5.7,results\re-feat2-author-filter__minimax_minimax-m3__r2,results\re-feat2-author-filter__minimax_minimax-m3__r2/_raw_response.txt,
raw_api,re-feat2-author-filter,Modelo G,3,False,False,863,750,0.0012,1,legacy raw_api row; one OpenRouter request,6.9,results\re-feat2-author-filter__minimax_minimax-m3__r3,results\re-feat2-author-filter__minimax_minimax-m3__r3/_raw_response.txt,
raw_api,re-feat2-author-filter,Modelo L,1,False,False,647,540,0.0011,1,legacy raw_api row; one OpenRouter request,4.9,results\re-feat2-author-filter__qwen_qwen3-coder__r1,results\re-feat2-author-filter__qwen_qwen3-coder__r1/_raw_response.txt,
raw_api,re-feat2-author-filter,Modelo L,2,False,False,647,540,0.0011,1,legacy raw_api row; one OpenRouter request,5.5,results\re-feat2-author-filter__qwen_qwen3-coder__r2,results\re-feat2-author-filter__qwen_qwen3-coder__r2/_raw_response.txt,
raw_api,re-feat2-author-filter,Modelo L,3,False,False,647,544,0.0011,1,legacy raw_api row; one OpenRouter request,5.2,results\re-feat2-author-filter__qwen_qwen3-coder__r3,results\re-feat2-author-filter__qwen_qwen3-coder__r3/_raw_response.txt,
raw_api,re-feat2-author-filter,Modelo C,1,False,False,647,545,0.0005,1,legacy raw_api row; one OpenRouter request,14.2,results\re-feat2-author-filter__qwen_qwen3-coder-next__r1,results\re-feat2-author-filter__qwen_qwen3-coder-next__r1/_raw_response.txt,
raw_api,re-feat2-author-filter,Modelo C,2,False,False,647,545,0.0005,1,legacy raw_api row; one OpenRouter request,13.5,results\re-feat2-author-filter__qwen_qwen3-coder-next__r2,results\re-feat2-author-filter__qwen_qwen3-coder-next__r2/_raw_response.txt,
raw_api,re-feat2-author-filter,Modelo C,3,False,False,647,545,0.0005,1,legacy raw_api row; one OpenRouter request,8.9,results\re-feat2-author-filter__qwen_qwen3-coder-next__r3,results\re-feat2-author-filter__qwen_qwen3-coder-next__r3/_raw_response.txt,
raw_api,re-feat2-author-filter,Modelo I,1,True,True,735,1999,0.0028,1,legacy raw_api row; one OpenRouter request,37.2,results\re-feat2-author-filter__qwen_qwen3.7-plus__r1,results\re-feat2-author-filter__qwen_qwen3.7-plus__r1/_raw_response.txt,
raw_api,re-feat2-author-filter,Modelo I,2,True,True,735,2217,0.0031,1,legacy raw_api row; one OpenRouter request,41.6,results\re-feat2-author-filter__qwen_qwen3.7-plus__r2,results\re-feat2-author-filter__qwen_qwen3.7-plus__r2/_raw_response.txt,
raw_api,re-feat2-author-filter,Modelo I,3,True,True,735,2784,0.0038,1,legacy raw_api row; one OpenRouter request,51.7,results\re-feat2-author-filter__qwen_qwen3.7-plus__r3,results\re-feat2-author-filter__qwen_qwen3.7-plus__r3/_raw_response.txt,
raw_api,re-feat2-author-filter,Modelo F,1,True,True,734,2912,0.0008,1,legacy raw_api row; one OpenRouter request,25.3,results\re-feat2-author-filter__tencent_hy3-preview__r1,results\re-feat2-author-filter__tencent_hy3-preview__r1/_raw_response.txt,
raw_api,re-feat2-author-filter,Modelo F,2,False,False,734,2745,0.0008,1,legacy raw_api row; one OpenRouter request,24.1,results\re-feat2-author-filter__tencent_hy3-preview__r2,results\re-feat2-author-filter__tencent_hy3-preview__r2/_raw_response.txt,
raw_api,re-feat2-author-filter,Modelo F,3,False,False,734,5200,0.0014,1,legacy raw_api row; one OpenRouter request,48.2,results\re-feat2-author-filter__tencent_hy3-preview__r3,results\re-feat2-author-filter__tencent_hy3-preview__r3/_raw_response.txt,
raw_api,re-feat2-author-filter,Modelo H,1,False,False,644,1457,0.0028,1,legacy raw_api row; one OpenRouter request,25.1,results\re-feat2-author-filter__z-ai_glm-4.7__r1,results\re-feat2-author-filter__z-ai_glm-4.7__r1/_raw_response.txt,
raw_api,re-feat2-author-filter,Modelo H,2,ERROR,ERROR,0,0,0,,,0,"expected string or bytes-like object, got 'NoneType'","expected string or bytes-like object, got 'NoneType'/_raw_response.txt",
raw_api,re-feat2-author-filter,Modelo H,3,True,True,644,3761,0.0068,1,legacy raw_api row; one OpenRouter request,16.3,results\re-feat2-author-filter__z-ai_glm-4.7__r3,results\re-feat2-author-filter__z-ai_glm-4.7__r3/_raw_response.txt,
raw_api,re-feat2-author-filter,Modelo B,1,True,True,651,1654,0.0073,1,legacy raw_api row; one OpenRouter request,22.9,results\re-feat2-author-filter__z-ai_glm-5.2__r1,results\re-feat2-author-filter__z-ai_glm-5.2__r1/_raw_response.txt,
raw_api,re-feat2-author-filter,Modelo B,2,False,False,651,2270,0.0097,1,legacy raw_api row; one OpenRouter request,25.9,results\re-feat2-author-filter__z-ai_glm-5.2__r2,results\re-feat2-author-filter__z-ai_glm-5.2__r2/_raw_response.txt,
raw_api,re-feat2-author-filter,Modelo B,3,True,True,651,892,0.0042,1,legacy raw_api row; one OpenRouter request,25.1,results\re-feat2-author-filter__z-ai_glm-5.2__r3,results\re-feat2-author-filter__z-ai_glm-5.2__r3/_raw_response.txt,
raw_api,sb-feat1-name-length,Modelo A,1,True,True,595,509,0.0001,1,legacy raw_api row; one OpenRouter request,11.0,results\sb-feat1-name-length__deepseek_deepseek-v4-flash__r1,results\sb-feat1-name-length__deepseek_deepseek-v4-flash__r1/_raw_response.txt,
raw_api,sb-feat1-name-length,Modelo A,2,True,True,612,905,0.0002,1,legacy raw_api row; one OpenRouter request,10.8,results\sb-feat1-name-length__deepseek_deepseek-v4-flash__r2,results\sb-feat1-name-length__deepseek_deepseek-v4-flash__r2/_raw_response.txt,
raw_api,sb-feat1-name-length,Modelo A,3,True,True,595,2096,0.0004,1,legacy raw_api row; one OpenRouter request,16.4,results\sb-feat1-name-length__deepseek_deepseek-v4-flash__r3,results\sb-feat1-name-length__deepseek_deepseek-v4-flash__r3/_raw_response.txt,
raw_api,sb-feat1-name-length,Modelo K,1,False,False,595,1045,0.0012,1,legacy raw_api row; one OpenRouter request,22.0,results\sb-feat1-name-length__deepseek_deepseek-v4-pro__r1,results\sb-feat1-name-length__deepseek_deepseek-v4-pro__r1/_raw_response.txt,
raw_api,sb-feat1-name-length,Modelo K,2,True,True,595,1469,0.0015,1,legacy raw_api row; one OpenRouter request,17.2,results\sb-feat1-name-length__deepseek_deepseek-v4-pro__r2,results\sb-feat1-name-length__deepseek_deepseek-v4-pro__r2/_raw_response.txt,
raw_api,sb-feat1-name-length,Modelo K,3,True,True,595,1221,0.0013,1,legacy raw_api row; one OpenRouter request,23.1,results\sb-feat1-name-length__deepseek_deepseek-v4-pro__r3,results\sb-feat1-name-length__deepseek_deepseek-v4-pro__r3/_raw_response.txt,
raw_api,sb-feat1-name-length,Modelo D,1,True,True,641,521,0.0009,1,legacy raw_api row; one OpenRouter request,4.8,results\sb-feat1-name-length__google_gemini-3.1-flash-lite__r1,results\sb-feat1-name-length__google_gemini-3.1-flash-lite__r1/_raw_response.txt,
raw_api,sb-feat1-name-length,Modelo D,2,True,True,641,521,0.0009,1,legacy raw_api row; one OpenRouter request,2.4,results\sb-feat1-name-length__google_gemini-3.1-flash-lite__r2,results\sb-feat1-name-length__google_gemini-3.1-flash-lite__r2/_raw_response.txt,
raw_api,sb-feat1-name-length,Modelo D,3,True,True,640,521,0.0009,1,legacy raw_api row; one OpenRouter request,2.5,results\sb-feat1-name-length__google_gemini-3.1-flash-lite__r3,results\sb-feat1-name-length__google_gemini-3.1-flash-lite__r3/_raw_response.txt,
raw_api,sb-feat1-name-length,Modelo E,1,False,False,606,2088,0.0022,1,legacy raw_api row; one OpenRouter request,8.0,results\sb-feat1-name-length__minimax_minimax-m2.7__r1,results\sb-feat1-name-length__minimax_minimax-m2.7__r1/_raw_response.txt,
raw_api,sb-feat1-name-length,Modelo E,2,False,False,606,1546,0.0017,1,legacy raw_api row; one OpenRouter request,5.8,results\sb-feat1-name-length__minimax_minimax-m2.7__r2,results\sb-feat1-name-length__minimax_minimax-m2.7__r2/_raw_response.txt,
raw_api,sb-feat1-name-length,Modelo E,3,False,False,606,2097,0.0022,1,legacy raw_api row; one OpenRouter request,39.7,results\sb-feat1-name-length__minimax_minimax-m2.7__r3,results\sb-feat1-name-length__minimax_minimax-m2.7__r3/_raw_response.txt,
raw_api,sb-feat1-name-length,Modelo G,1,True,True,744,1371,0.0019,1,legacy raw_api row; one OpenRouter request,23.7,results\sb-feat1-name-length__minimax_minimax-m3__r1,results\sb-feat1-name-length__minimax_minimax-m3__r1/_raw_response.txt,
raw_api,sb-feat1-name-length,Modelo G,2,True,True,744,687,0.001,1,legacy raw_api row; one OpenRouter request,11.0,results\sb-feat1-name-length__minimax_minimax-m3__r2,results\sb-feat1-name-length__minimax_minimax-m3__r2/_raw_response.txt,
raw_api,sb-feat1-name-length,Modelo G,3,True,True,744,1378,0.0019,1,legacy raw_api row; one OpenRouter request,23.5,results\sb-feat1-name-length__minimax_minimax-m3__r3,results\sb-feat1-name-length__minimax_minimax-m3__r3/_raw_response.txt,
raw_api,sb-feat1-name-length,Modelo L,1,False,False,573,473,0.001,1,legacy raw_api row; one OpenRouter request,5.7,results\sb-feat1-name-length__qwen_qwen3-coder__r1,results\sb-feat1-name-length__qwen_qwen3-coder__r1/_raw_response.txt,
raw_api,sb-feat1-name-length,Modelo L,2,False,False,573,473,0.001,1,legacy raw_api row; one OpenRouter request,5.8,results\sb-feat1-name-length__qwen_qwen3-coder__r2,results\sb-feat1-name-length__qwen_qwen3-coder__r2/_raw_response.txt,
raw_api,sb-feat1-name-length,Modelo L,3,False,False,573,473,0.001,1,legacy raw_api row; one OpenRouter request,5.3,results\sb-feat1-name-length__qwen_qwen3-coder__r3,results\sb-feat1-name-length__qwen_qwen3-coder__r3/_raw_response.txt,
raw_api,sb-feat1-name-length,Modelo C,1,False,False,573,477,0.0004,1,legacy raw_api row; one OpenRouter request,2.8,results\sb-feat1-name-length__qwen_qwen3-coder-next__r1,results\sb-feat1-name-length__qwen_qwen3-coder-next__r1/_raw_response.txt,
raw_api,sb-feat1-name-length,Modelo C,2,False,False,573,462,0.0004,1,legacy raw_api row; one OpenRouter request,11.7,results\sb-feat1-name-length__qwen_qwen3-coder-next__r2,results\sb-feat1-name-length__qwen_qwen3-coder-next__r2/_raw_response.txt,
raw_api,sb-feat1-name-length,Modelo C,3,False,False,573,493,0.0005,1,legacy raw_api row; one OpenRouter request,17.0,results\sb-feat1-name-length__qwen_qwen3-coder-next__r3,results\sb-feat1-name-length__qwen_qwen3-coder-next__r3/_raw_response.txt,
raw_api,sb-feat1-name-length,Modelo I,1,False,False,623,3275,0.0044,1,legacy raw_api row; one OpenRouter request,60.6,results\sb-feat1-name-length__qwen_qwen3.7-plus__r1,results\sb-feat1-name-length__qwen_qwen3.7-plus__r1/_raw_response.txt,
raw_api,sb-feat1-name-length,Modelo I,2,True,True,623,3097,0.0042,1,legacy raw_api row; one OpenRouter request,57.8,results\sb-feat1-name-length__qwen_qwen3.7-plus__r2,results\sb-feat1-name-length__qwen_qwen3.7-plus__r2/_raw_response.txt,
raw_api,sb-feat1-name-length,Modelo I,3,False,False,623,3114,0.0042,1,legacy raw_api row; one OpenRouter request,57.6,results\sb-feat1-name-length__qwen_qwen3.7-plus__r3,results\sb-feat1-name-length__qwen_qwen3.7-plus__r3/_raw_response.txt,
raw_api,sb-feat1-name-length,Modelo F,1,False,False,592,1308,0.0004,1,legacy raw_api row; one OpenRouter request,17.0,results\sb-feat1-name-length__tencent_hy3-preview__r1,results\sb-feat1-name-length__tencent_hy3-preview__r1/_raw_response.txt,
raw_api,sb-feat1-name-length,Modelo F,2,False,False,592,2100,0.0006,1,legacy raw_api row; one OpenRouter request,38.7,results\sb-feat1-name-length__tencent_hy3-preview__r2,results\sb-feat1-name-length__tencent_hy3-preview__r2/_raw_response.txt,
raw_api,sb-feat1-name-length,Modelo F,3,True,True,592,1513,0.0004,1,legacy raw_api row; one OpenRouter request,16.7,results\sb-feat1-name-length__tencent_hy3-preview__r3,results\sb-feat1-name-length__tencent_hy3-preview__r3/_raw_response.txt,
raw_api,sb-feat1-name-length,Modelo H,1,True,True,560,2631,0.0048,1,legacy raw_api row; one OpenRouter request,38.4,results\sb-feat1-name-length__z-ai_glm-4.7__r1,results\sb-feat1-name-length__z-ai_glm-4.7__r1/_raw_response.txt,
raw_api,sb-feat1-name-length,Modelo H,2,False,False,560,2616,0.0048,1,legacy raw_api row; one OpenRouter request,125.0,results\sb-feat1-name-length__z-ai_glm-4.7__r2,results\sb-feat1-name-length__z-ai_glm-4.7__r2/_raw_response.txt,
raw_api,sb-feat1-name-length,Modelo H,3,True,True,560,2586,0.0047,1,legacy raw_api row; one OpenRouter request,128.2,results\sb-feat1-name-length__z-ai_glm-4.7__r3,results\sb-feat1-name-length__z-ai_glm-4.7__r3/_raw_response.txt,
raw_api,sb-feat1-name-length,Modelo B,1,True,True,567,1550,0.0068,1,legacy raw_api row; one OpenRouter request,18.6,results\sb-feat1-name-length__z-ai_glm-5.2__r1,results\sb-feat1-name-length__z-ai_glm-5.2__r1/_raw_response.txt,
raw_api,sb-feat1-name-length,Modelo B,2,True,True,567,1285,0.0057,1,legacy raw_api row; one OpenRouter request,59.8,results\sb-feat1-name-length__z-ai_glm-5.2__r2,results\sb-feat1-name-length__z-ai_glm-5.2__r2/_raw_response.txt,
raw_api,sb-feat1-name-length,Modelo B,3,True,True,567,910,0.0042,1,legacy raw_api row; one OpenRouter request,33.0,results\sb-feat1-name-length__z-ai_glm-5.2__r3,results\sb-feat1-name-length__z-ai_glm-5.2__r3/_raw_response.txt,
